연번,관할서,건물명,주 소,x_5186,y_5186,층수,전화번호,법정여부,공역,사용,활용여건,비고
1,강남-1,유니언스틸,강남구 대치4동 890,204531.650,545034.260,06월 19일,개인,자진,시내,가,착AS,
5,5,삼성생명대치타워,강남구 대치4동 891,204737.510,545109.440,06월 20일,,법정,시내,가,착AS,
9,9,포스코센타(동관),강남구 대치4동 892,204964.990,545148.270,Jun-31,,법정,시내,가,착AW,
10,10,포스코센타(서관),강남구 대치4동 892,204964.990,545148.270,Jun-31,,법정,시내,가,착AW,
14,14,아셈타워,강남구 삼성동 159,205200.250,545895.440,Apr-41,,법정,시내,가,착AS,
15,15,코엑스 인터콘티넨탈호텔,강남구 삼성동 159,205200.250,545895.440,06월 29일,,법정,시내,가,착AS,
17,17,오크우드프리미어호텔,강남구 삼성동 159,205200.250,545895.440,06월 26일,,법정,시내,가,착AS,
32,32,루첸타워,대치동 943,205168.480,545294.250,06월 20일,,법정,시내,가,착AS,
34,34,피엔폴루스,청담동 4-1,203859.240,547101.440,06월 23일,,법정,시내,가,착AS,
41,41,삼성서울병원,강남구 일원로 81,207923.070,543436.260,05월 20일,,법정,A,가,착AW,
54,54,군인공제회관,강남구 도곡동 467-12,204669.890,543315.990,01월 07일,,법정,시내,가,착AS,
88,88,한신인터밸리24,강남구 테헤란로 322 ,204118.890,544864.250,08월 22일,,법정,시내,가,착AS,
89,89,메리츠타워,강남구 강남대로 382,202531.460,544176.950,06월 30일,,법정,시내,가,착AS,
90,90,아카데미 스위트 아파트,강남구 언주로 30길27,204650.970,543220.490,Jun-51,,법정,시내,가,착AS,
94,4,베네시티 101동,강동구 천호동 425-5,211040.320,549018.730,07월 22일,,법정,공외,가,착AS,
95,5,베네시티 102동,강동구 천호동 425-5,211040.320,549018.730,07월 22일,,법정,공외,가,착AS,
96,6,신동아 헤르셔 B동,강동구 천호동 447-17,211774.620,548563.340,Apr-41,,법정,공외,가,착AS,
97,7,신동아 헤르셔 C동,강동구 천호동 447-17,211774.620,548563.340,Apr-41,,법정,공외,가,착AS,
103,강서-1,우림블루9비지니스 ,염창동 240-21,188022.280,550867.040,03월 25일,,법정,공외,가,착AS,
104,2,우림블루9비지니스,염창동 240-21,188022.280,550867.040,03월 24일,,법정,공외,가,착AS,
105,3,LG사이언스파크,강서구 마곡중앙10로 30,185089.090,551554.470,08월 04일,,자진,공외,가,착AW,신축
106,4,이대서울병원,강서구 공항대로 260,185532.880,550872.190,10월 06일,,자진,공외,가,착AW,신축
110,광진-1,쉐라톤워커힐호텔,서울 광진구 워커힐로 177,209870.000,551017.050,04월 15일,,법정,공외,가,착AS,
115,6,세종대종합강의동,광진구 군자동 98,206589.910,550144.690,04월 15일,,법정,공외,가,착AS,
116,7,광진트라팰리스 A동,광진구 자양동 854,206007.350,548046.930,03월 29일,,법정,공외,가,착AW,
117,8,더샵스타시티 A동,광진구 자양동 227-7,206419.280,548702.280,Mar-58,,법정,공외,가,착AW,
118,9,더샵스타시티 B동,광진구 자양동 227-7,206419.280,548702.280,Mar-35,,법정,공외,가,착AW,
119,10,더샵스타시티 C동,광진구 자양동 227-7,206419.280,548702.280,Mar-50,,법정,공외,가,착AW,
120,11,더샵스타시티 D동,광진구 자양동 227-7,206419.280,548702.280,Mar-45,,법정,공외,가,착AW,
121,12,더클래스 500 A동,광진구 자양3동 227-342,206287.040,548811.550,Jun-50,,법정,공외,가,착AW,
122,13,더클래스 500 B동,광진구 자양3동 227-342,206287.040,548811.550,Jun-40,,법정,공외,가,착AW,
125,3,한신IT타워,구로구 구로3동 235,190658.490,542559.460,02월 14일,,법정,공외,가,착AS,
128,6,고대구로병원,구로구 구로동 80,189807.140,543636.910,09월 04일,,자진,공외,가,착AW,
129,7,신구로자이나인스,구로구 구로동 501,189756.140,544498.670,May-36,,법정,공외,가,착AS,
130,8,에이스하이엔드,구로구 구로동 222-14,190745.740,542425.090,02월 20일,,법정,공외,가,착AS,
131,9,신도림테크노마트,구로구 새말로 97,190293.820,545299.670,Jul-40,,법정,공외,가,착AW,
132,10,태평양물산 ,구로구 구로동 197-21,190718.280,542859.770,04월 19일,,법정,공외,가,착AS,
133,11,한화 비즈메트로,구로구 구로동 851,190517.260,542376.580,03월 18일,,법정,공외,가,착AS,
134,12,SK허브수 B동,구로구 구로동 650-4,188756.520,544058.790,02월 15일,,법정,공외,가,착AS,
136,14,신도림1차푸르지오 101동,구로구 신도림동 337,190074.920,545555.640,05월 26일,,법정,공외,가,착AS,
137,15,신도림1차푸르지오 102동,구로구 신도림동 337,190074.920,545555.640,05월 30일,,법정,공외,가,착AS,
138,16,신도림1차푸르지오 103동,구로구 신도림동 337,190074.920,545555.640,05월 30일,,법정,공외,가,착AS,
139,17,신도림1차푸르지오 104동,구로구 신도림동 337,190074.920,545555.640,05월 26일,,법정,공외,가,착AS,
140,18,디큐브시티백화점,구로구 신도림동 692,190176.840,545462.730,Aug-42,,법정,공외,가,착AS,
146,24,월드메르디앙,금천구 가산동 426-5,189272.890,542152.200,02월 15일,,법정,공외,가,착AS,
150,28,남성프라자,금천구 가산동 345-30,189541.950,541788.800,02월 15일,,법정,공외,가,착AS,
151,29,아이티캐슬 1동,금천구 가산동 550-1,189439.390,541934.480,02월 14일,,법정,공외,가,착AS,
152,30,아이티캐슬 2동,금천구 가산동 550-1,189439.390,541934.480,02월 14일,,법정,공외,가,착AS,
155,33,월드메르디앙,금천구 가산동 60-24,189858.700,542036.730,02월 15일,,법정,공외,가,착AS,
156,34,코오롱디지털,금천구 가산동 505-14,189422.890,542798.130,02월 15일,,법정,공외,가,착AS,
157,35,벽산디지털밸리 5차,금천구 가산동 60-73,189899.360,541923.200,02월 15일,,법정,공외,가,착AS,
158,36,재능유통아파트형,금천구 가산동 459-11,189522.230,542510.980,04월 15일,,법정,공외,가,착AS,
159,37,IT 미래타워,금천구 가산동 60-21,189933.440,542176.030,02월 20일,,법정,공외,가,착AS,
160,38,엘지전자R&D캠퍼스,금천구 가산동 327-23,189843.420,541245.600,05월 21일,,법정,공외,가,착AS,
161,39,대륭테크노타운 12차,금천구 가산동 327-32,189756.340,541175.220,03월 15일,,법정,공외,가,착AS,
162,40,벽산디지털밸리 6차,금천구 가산동 481-4,189302.150,542783.470,03월 15일,,법정,공외,가,착AS,
163,41,에이스하이앤드타워,금천구 가산동 60-25,189925.610,541848.520,03월 20일,,법정,공외,가,착AS,
164,42,에이스하이앤드타워 ,금천구 가산동 371-50,189536.980,542085.120,03월 20일,,법정,공외,가,착AS,
165,43,대륭포스터타워 5차,금천구 가산동 60-3,189947.020,542398.770,04월 20일,,법정,공외,가,착AS,
166,44,한라시그마밸리,금천구 가산동 345-90,189487.060,541510.450,03월 20일,,법정,공외,가,착AS,
167,45,가산디지털엠파이어,금천구 가산동 685,190047.920,540669.090,03월 15일,,법정,공외,가,착AS,
168,46,갑을아파트형공장,금천구 가산동 60-5,190052.190,542233.820,03월 20일,,법정,공외,가,착AS,
169,47,갑을아파트형공장,금천구 가산동 60-5,190052.190,542233.820,03월 20일,,법정,공외,가,착AS,
170,48,에이스하이앤드 8차,금천구 가산동 345-4,189867.110,541555.400,03월 18일,,법정,공외,가,착AS,
171,49,대륭포스터타워 6차,금천구 가산동 50-3,189731.000,542448.420,04월 20일,,법정,공외,가,착AW,
172,50,STX-V 타워,금천구 가산동 371-37,189716.920,541982.310,03월 20일,,법정,공외,가,착AW,
173,51,BYC 하이시터(A동),금천구 가산동 371-17,189592.210,541959.220,04월 24일,,법정,공외,가,착AW,
174,52,BYC 하이시터(B동),금천구 가산동 371-17,189592.210,541959.220,04월 24일,,법정,공외,가,착AW,
175,53,대륭포스트타워 1차,구로구 디지털로 288 (구로3동),190757.760,542685.690,03월 20일,,법정,공외,가,착AS,
176,54,대륭포스트타워 2차,구로구 디지털로 306 (구로3동),190920.220,542946.730,03월 15일,,법정,공외,가,착AW,
178,56,코오롱싸이언스밸리 2차,구로구 디지털로34길 55 (구로3동),191092.110,542764.800,04월 15일,,법정,공외,가,착AS,
179,57,마리오디지털 타워,구로구 디지털로30길 28 (구로3동),190738.010,542523.490,02월 15일,,법정,공외,가,착AS,
180,58,우림 e-biz 센터2차,구로구 디지털로33길 12 (구로3동),190816.440,543016.980,02월 14일,,법정,공외,가,착AS,
181,59,에이스하이앤드타워,구로구 디지털로26길 5 (구로3동),190578.550,542468.470,02월 14일,,법정,공외,가,착AS,
182,60,대륭 테크노타운 17차,서울 금천구 가산동 670,189934.650,540986.320,04월 18일,,법정,시외,가,착AS,
183,61,G밸리비즈플라자,디지털로 300,190849.490,542836.250,04월 20일,,법정,시외,가,착AS,
185,63,대륭테크노타운18차,금천구 가산디지털1로19,189960.560,540914.970,04월 20일,,법정,공외,가,착AS,
190,2,브라운스톤중계,노원구 중계2동 506,205671.360,560037.360,02월 13일,,자진,시내,가,착AW,
191,도봉-1,도봉소방서 옥상,도봉구 방학동 708,203846.940,562712.520,05월 01일,,자진,B,가,착AS,
206,11,농심,동작구 신대방동 370-1,192878.630,544141.920,03월 20일,,법정,시내,가,착AS,
216,10,마포트라펠리스 A동,마포구 도화동 559,195335.760,549104.800,05월 31일,,법정,A,가,착AS,
217,11,마포트라펠리스 B동,마포구 도화동 559,195335.760,549104.800,05월 31일,,법정,A,가,착AS,
219,13,KGIT 상암센터,마포구 상암동 1601,190195.230,553395.190,04월 24일,,법정,B,가,착AW,
220,14,이안오피스텔 1단지,마포구 상암동 1654,190338.000,553116.000,Mar-32,,법정,B,가,착AS,
221,15,이안상암 2단지,마포구 상암동 1653,190405.160,553063.680,Mar-32,,법정,B,가,착AS,
222,16,DMC 이안상암 2단지,마포구 상암동 1653,190405.160,553063.680,03월 29일,,법정,B,가,착AS,
223,17,KBS 미디어센터,마포구 상암동 1652 ,190363.650,553000.020,05월 21일,,법정,B,가,착AS,
224,18,팬택계열 R&D센터,서울 마포구 성암로 179 (상암동),191057.240,552960.760,05월 22일,,법정,B,가,착AS,
225,19,누리꿈스퀘어(1),마포구 상암동 1605,190320.540,553322.910,04월 22일,,법정,B,가,착AS,
226,20,누리꿈스퀘어(2),마포구 상암동 1605,190320.540,553322.910,04월 16일,,법정,B,가,착AS,
227,21,롯데마포빌딩 101동,마포구 공덕동 467,195629.890,549486.670,Aug-40,,법정,B,가,착AS,
228,22,롯데마포빌딩 102동,마포구 공덕동 467,195629.890,549486.670,Aug-40,,법정,B,가,착AS,
231,25,메세나 폴리스 101동,마포구 양화로 45,192396.240,550223.550,Jul-39,,법정,B,가,착AS,
232,26,메세나 폴리스 102동 ,마포구 양화로 45,192396.240,550223.550,Jul-39,,법정,B,가,착AS,
233,27,메세나 폴리스 103동 ,마포구 양화로 45,192396.240,550223.550,07월 29일,,법정,B,가,착AS,
235,29,디엠CC빌딩,상암산로 48-6,190292.000,553057.060,06월 21일,,법정,B,가,착AW,
236,30,상암 디지털큐브,상암동 1647,190214.000,552964.000,07월 23일,,법정,B,가,착AW,
239,33,동아디지털,매봉산로 75,190539.500,553216.710,06월 19일,,법정,B,가,착AS,
244,4,신촌세브란스병원,서대문구 신촌동 134,194629.780,551714.610,03월 21일,,법정,B,가,착AW,
245,5,래미안e편한1단지,수색로 100,191865.560,552802.610,03월 26일,,법정,공외,가,착AS,
246,6,래미안e편한1단지,수색로 100,191865.560,552802.610,Mar-35,,법정,공외,기,착AS,
247,7,래미안e편한1단지,수색로 100,191865.560,552802.610,Mar-35,,법정,공외,가,착AS,
248,8,래미안e편한1단지,수색로 100,191865.560,552802.610,Mar-35,,법정,공외,가,착AS,
249,9,래미안e편한3단지,수색로 100,191865.560,552802.610,Mar-35,,법정,공외,가,착AS,
250,10,래미안e편한3단지,수색로 100,191865.560,552802.610,Feb-30,,법정,공외,가,착AS,
252,2,나우타센터(주)진로,서초구 서초동 1445-14,201563.360,542677.610,03월 18일,,법정,시내,가,착AS,
255,5,서초이오빌,서초구 서초3동 1593-7,201143.920,543010.240,06월 24일,,법정,시내,가,착AW,
263,13,LG서초 에클라트오피스텔,서초구 서초3동 1599-2,201289.690,543047.700,06월 22일,,법정,시내,가,착AS,
267,17,현대 기아 사옥(동관),서초구 양재2동 231,203771.510,540516.760,03월 21일,,법정,시외,가,착AW,
274,24,삼성생명 서초타워,서초구 서초동 1321-15,202280.230,544143.070,Jul-34,,법정,시내,가,착AW,
275,25,삼성물산,서초구 서초동 1321-20,202306.230,544063.300,Jul-32,,법정,시내,가,착AS,
276,26,부띠크 모나코,서초구 서초동 1316-5,202164.700,544231.390,05월 27일,,법정,시외,가,착AS,
277,27,삼성전자,서초구 서초동 1320-10,202373.450,544138.680,Aug-44,,법정,시외,가,착AW,
278,28,서울성모병원,서초구 반포동 505,200463.950,544512.970,06월 22일,,법정,시외,가,착AW,
279,29,LG전자연구 R&D,서초구 양재동 221,203056.280,540177.840,05월 25일,,법정,시외,가,착AS,
280,30,강남피타워,서초구 양재동 11-149,203300.810,542781.320,07월 21일,,법정,시내,가,착AW,
282,2,갤러리아포레 101동,성동구 성수동1가 685-696,203753.740,549586.460,Jul-45,,법정,B,가,착AW,
283,3,갤러리아포레 102동,성동구 성수동1가 685-696,203753.740,549586.460,Jul-45,,법정,B,가,착AW,
289,9,코오롱디지털타워1차,성동구 성수일로4길 25,204583.660,549222.910,03월 30일,,법정,B,가,착AS,
294,2,우림카이저펠리스,성북구 종암동 132,202961.090,555818.440,03월 25일,,자진,시내,가,착AS,
295,3,우림카이저펠리스,성북구 종암동 132,202961.090,555818.440,03월 23일,,자진,시내,가,착AS,
296,4,코업스타클래스 101,성북구 하월곡동 46-73,203579.470,555789.700,May-41,,법정,시내,가,착AS,
297,5,코업스타클래스 102,성북구 하월곡동 46-73,203579.470,555789.700,May-41,,법정,시내,가,착AS,
305,4,서울아산병원(신관),송파구 풍납2동 388-1,209677.190,547425.980,03월 15일,,법정,공외,가,착AW,
306,5,서울아산병원(동관),송파구 풍납2동 388-1,209677.190,547425.980,03월 19일,,법정,공외,가,착AW,
307,6,서울아산병원(서관),송파구 풍납2동 388-1,209677.190,547425.980,03월 13일,,법정,공외,가,착AW,
308,7,국립경찰병원,송파구 가락본동 58,210919.540,544094.780,06월 01일,,자진,공외,가,착AW,
324,23,롯데캐슬골드 101동,송파구 신천동 7-18,208905.820,546113.130,Jul-37,,법정,공외,가,착AS,
325,24,롯데캐슬골드 102동,송파구 신천동 7-18,208905.820,546113.130,Jul-37,,법정,공외,가,착AS,
326,25,가든파이브,서울 송파구 문정동 634,211056.140,542030.760,11월 05일,,자진,공외,가,착AW,
327,26,the#스타리버,서울특별시 송파구 올림픽로35길 93,209228.780,546481.850,Apr-39,,법정,공외,가,착AS,
328,27,한국루터회관,서울 송파구 올림픽로35다길 42,209112.060,546202.060,05월 24일,,법정,공외,가,착AS,
329,28,잠실 the#스타파크,서울 송파구 올림픽로35가길 10,209073.320,546389.210,Apr-39,,법정,공외,가,착AS,
330,29,송파 성원 상떼빌,송파구 가락동 80,210650.330,543963.160,04월 24일,,법정,공외,가,착AS,
331,30,한솔섬유빌딩,송파구 송파대로 268,210465.690,543813.750,10월 06일,,자진,공외,가,착AS,
332,양천-1,KT정보전산센터,양천구 목1동 924,188608.030,547781.430,03월 24일,,법정,공외,가,착AS,
337,6,목동 현대하이페리온 A동,양천구 목1동 916,188953.850,547491.950,Jun-69,,법정,공외,,착AS,
338,7,목동 현대하이페리온 B동,양천구 목1동 916,188953.850,547491.950,Jun-59,,법정,공외,가,착AS,
339,8,목동 현대하이페리온 C동,양천구 목1동 916,188953.850,547491.950,Jun-54,,법정,공외,,착AS,
340,9,SBS방송국,양천구 목1동 920,188822.960,547748.860,04월 22일,,법정,공외,가,착AS,
351,20,하이페리온2차205동,양천구 목1동 961,188501.060,547214.430,Apr-31,,법정,공외,,착AW,
352,21,하이페리온2차206동,양천구 목1동 961,188501.060,547214.430,Apr-40,,법정,공외,가,착AW,
353,22,트라팰리스 W에비뉴A,양천구 목동 962,188542.560,547397.010,May-49,,법정,공외,,착AS,
354,23,트라팰리스 W에비뉴B,양천구 목동 962,188542.560,547397.010,May-42,,법정,공외,가,착AS,
355,24,트라팰리스 E에비뉴A,양천구 목동 962-1,188621.090,547381.440,May-48,,법정,공외,,착AS,
356,25,트라팰리스 E에비뉴B,양천구 목동 962-1,188621.090,547381.440,May-41,,법정,공외,가,착AS,
359,2,한국거래소(KRX),영등포구 여의도동 33,193637.260,547064.000,02월 14일,,자진,공외,,착AS,
360,3,맨하탄빌딩,영등포구 여의도동 36-2,193539.300,546813.210,04월 14일,,자진,공외,가,착AW,
368,11,푸르덴셜투자(우리),영등포구 여의도동 23-4,193226.920,547194.510,06월 20일,,법정,공외,,착AS,
369,12,휴렛펙커드,영등포구 여의도동 23-6,193235.230,547102.480,07월 23일,,법정,공외,가,착AW,
377,20,LG트윈타워(동관),영등포구 여의도동 20,193744.470,547601.370,Mar-34,,법정,공외,가,착AW,
378,21,LG트윈타워(서관),영등포구 여의도동 20,193744.470,547601.370,Mar-34,,법정,시내,,착AW,
386,29,에이스하이테크시티 A동,영등포구 문래동3가 55-20,191066.130,546146.490,03월 17일,,법정,시내,,착AS,
387,30,에이스하이테크시티,영등포구 문래동3가 55-20,191066.130,546146.490,03월 20일,,법정,시내,가,착AS,
390,33,SK 리더스뷰 A동,영등포구 문래3가 55-16,191451.780,546119.210,Mar-38,,법정,시외,가,착AS,
391,34,SK 리더스뷰 B동,영등포구 문래3가 55-16,191451.780,546119.210,Mar-40,,법정,시외,,착AS,
392,35,타임스퀘어오피스 ,영등포구 영등포동4가 442,191458.930,546403.030,05월 20일,,자진,시내,가,착AS,
393,36,S 트레뉴,영등포구 여의도동 26,193290.590,547048.270,Jul-37,,법정,시내,가,착AW,
394,37,롯데제과,영등포구 양평동 5가 21,190530.860,548657.920,03월 19일,,법정,시내,,착AS,
396,39,KT여의도지점,영등포구여의도동28-2,192845.040,546917.670,05월 21일,,법정,공외,,착AW,
399,42,파크원 타워1(31.5×31.5m),영등포구 여의대로 108,193733.490,547303.530,Jul-69,,법정,시내,가,착AW,
400,43,파크원 타워2(26×27m),영등포구 여의대로 108,193733.490,547303.530,Jul-53,,법정,시내,가,착AW,
401,44,파크원 호텔(27×27m),영등포구 여의대로 108,193733.490,547303.530,07월 30일,,법정,시내,가,착AW,
402,용산-1,그랜드하얏트호텔,용산구 한남동 747-7,199806.760,548892.980,02월 18일,,법정,B,가,착AS,
419,18,이안프리미어 A동,용산구 문배동 3-3,197376.750,548798.360,06월 29일,,법정,B,가,착AS,
420,19,이안프리미어 B동,용산구 문배동 3-3,197376.750,548798.360,Jun-34,,법정,B,가,착AS,
421,20,CJ 나인파크 1동,용산구 문배동 24-6,197275.220,548509.490,03월 28일,,법정,B,가,착AW,
422,21,CJ 나인파크 2동,용산구 문배동 24-6,197275.220,548509.490,Mar-32,,법정,B,가,착AW,
423,22,씨티파크 1단지 1동,용산구 한강로3가 63-389,197271.880,547280.240,Mar-39,,법정,B,가,착AS,
424,23,씨티파크 1단지 2동,용산구 한강로3가 63-389,197271.880,547280.240,Mar-41,,법정,B,가,착AS,
425,24,씨티파크 1단지3동,용산구 한강로3가 63-389,197271.880,547280.240,Mar-43,,법정,B,가,착AS,
426,25,씨티파크 2단지1동,용산구 한강로5가 19-31,197768.440,547577.190,May-32,,법정,B,가,착AS,
427,26,씨티파크 2단지2동,용산구 한강로5가 19-31,197768.440,547577.190,May-33,,법정,B,가,착AS,
428,27,대우월드마크(APT),용산구 한강로1가 30-3,197672.120,548635.740,Jun-37,,법정,B,가,착AW,
429,28,대우월드마크(OPL),용산구 한강로1가 30-3,197672.120,548635.740,Jun-36,,법정,B,가,착AW,
430,29,용산파크타워 101,용산구 용산동5가 24-1,197587.540,547089.220,Apr-34,,법정,B,가,착AS,
433,32,용산파크타워 104,용산구 용산동5가 24-1,197587.540,547089.220,Apr-34,,법정,B,가,착AS,
434,33,용산파크타워 105,용산구 용산동5가 24-1,197587.540,547089.220,Apr-34,,법정,B,가,착AS,
441,40,푸르지오 써밋,한강로2가391,196925.600,547554.000,9/39,,법정,B,가,착AS,
448,47,용산센터럴파크해링턴스퀘어업무동(28.3×12.1m),서울 용산구 한강로3가 98,197137.810,547383.650,May-34,,법정,B,가,착AS,신규
450,2,팜스퀘어,은평구 불광로 20,193725.560,556685.860,08월 16일,,법정,B,가,착AS,
451,3,가톨릭대학교은평 성모병원,은평구 통일로 1021,192598.980,559336.510,07월 17일,,법정,B,가,착AW,신규
452,종로-1,정부중앙청사(본관),종로구 세종로1가 77-6,197933.880,554125.750,03월 22일,,법정,A,가,착AS,
454,3,교보빌딩,종로구 세종로1가 1-1,197933.880,554125.750,03월 22일,,법정,A,가,착AS,
457,6,이마빌딩,종로구 수송동 146-1,198146.950,552710.920,03월 15일,,자진,A,가,착AS,
458,7,스텐다드 차티드 은행,종로구 공평동 100,198444.900,552397.160,04월 22일,,법정,A,가,착AS,
463,12,삼환빌딩,종로구 운니동 98-5,199022.100,553034.500,03월 17일,,자진,A,가,착AS,
464,13,서울대학병원,종로구 연건동 28-21,199873.660,553271.540,02월 14일,,법정,A,가,착AS,
465,14,광화문빌딩(동아면세),서울 종로구 세종대로 149,197892.150,552225.930,05월 20일,,법정,A,가,착AS,
469,18,효성주얼리시티 A동,종로구 인의동 48-2,199882.210,552437.850,05월 19일,,법정,A,가,착AS,
470,19,효성주얼리시티 B동,종로구 인의동 48-2,199882.210,552437.850,05월 19일,,법정,A,가,착AS,
472,21,콘코디언 빌딩,서울 종로구 신문로1가 115,197627.140,552244.330,08월 29일,,법정,A,가,착AS,
473,22,더케이트윈 타워A동,종로구 중학동 19번지,198171.000,552802.000,06월 16일,,법정,A,가,착AW,
474,23,더케이트윈 타워B동,종로구 중학동 19번지,198171.000,552802.000,06월 16일,,법정,A,가,착AW,
476,25,시그나타워,삼봉로 48,198231.390,552505.670,06월 23일,,법정,A,가,착AS,
477,26,그랑서울빌딩,종로 33,198360.200,552380.170,07월 24일,,법정,A,가,착AW,
482,5,한일써너스빌리젠시101동,중랑구 망우본동 479,208255.070,555311.260,05월 28일,,법정,시내,가,착AS,
483,6,한일써너스빌리젠시201동,중랑구 망우본동 479,208255.070,555311.260,05월 27일,,법정,시내,가,착AS,
484,7,서울의료원,중랑구 신내동 316,208649.860,557048.250,04월 13일,,자진,시내,가,착AS,
485,8,묵동자이 101동,중랑구 묵동 164-4,206878.980,557257.040,May-35,,법정,시내,가,착AS,
486,9,묵동자이 201동,중랑구 묵동 170-1,206843.680,557138.400,May-35,,법정,시내,가,착AS,
487,10,묵동자이 202동,중랑구 묵동 170-1,206843.680,557138.400,May-35,,법정,시내,가,착AS,
491,14,상봉듀오트리스 A동,중랑구 상봉로 131,208140.250,555319.080,Aug-41,,법정,시내,가,착AS,누락
492,15,상봉듀오트리스 B동,중랑구 상봉로 131,208140.250,555319.080,Aug-41,,법정,시내,가,착AS,누락
495,3,서울신문사빌딩,중구 태평로1가 25,198033.720,551999.210,04월 20일,,법정,A,가,착AS,
497,5,삼성본관,중구 태평로2가 250,197825.200,551425.970,04월 26일,,법정,A,가,착AS,
499,7,삼성생명본관,중구 태평로2가 150,197798.010,551336.030,06월 25일,,법정,A,가,착AS,
502,10,코오롱빌딩,중구 무교동 45,198124.830,552034.550,03월 16일,,자진,A,가,착AS,
510,18,한국외환은행빌딩,중구 을지로2가 181,198680.860,551778.430,03월 25일,,법정,A,가,착AS,
513,21,롯데백화점,중구 소공동 1,198329.280,551697.380,03월 26일,,법정,A,가,착AS,
517,25,명동타워,중구 명동2가 31-1,198689.040,551441.020,02월 23일,,법정,A,가,착AS,
519,27,한진빌딩(정석기업),중구 남대문로2가 118,198367.210,551500.260,02월 23일,,법정,A ,가,착AW,
520,28,롯데백화점 Avenuel,중구 남대문로2가 130,198404.160,551621.620,03월 18일,,법정,A,가,착AS,
530,38,중앙일보,서울특별시 중구 순화동 7,197449.080,551344.740,04월 21일,,법정,A,가,착AS,
535,43,동화빌딩,중구 서소문동 58-7,197615.400,551434.080,02월 16일,,자진,A,가,착AW,
537,45,대연각센터,중구 충무로1가 25-5 ,198456.700,551271.190,02월 22일,,법정,A,가,착AW,
538,46,신세계백화점,중구 충무로1가 52-1,198329.200,551268.800,07월 19일,,법정,A,가,착AS,
539,47,현대시티아울렛(구. 거평(케레스타백화점)),중구 을지로6가 17-2,200683.110,552122.730,06월 22일,,법정,A,가,착AS,
541,49,두산타워,중구 을지로6가 18-12,200773.220,552141.680,Jul-34,,법정,A,가,착AS,
542,50,남산스퀘어 빌딩(구. 극동빌딩),중구 충무로3가 60-1,199214.950,551345.630,03월 22일,,법정,A,가,착AS,
543,51,진양상가(해상실업),중구 충무로4가 120-3,199641.220,551430.060,01월 17일,,법정,A,가,착AS,
544,52,씨티타워센터(구.쌍용빌딩),중구 저동2가 24-1 ,199147.990,551659.700,02월 19일,,법정,A,가,착AS,
545,53,동부화재빌딩,중구 초동 21-9,199268.410,551697.350,02월 19일,,자진 ,A,가,착AS,
551,59,ING센타,중구 순화동 53,197572.780,551246.250,06월 19일,,법정,A,가,착AS,
552,60,엠버서더 호텔,중구 장충동 2가 186-54,200211.640,551183.410,02월 18일,,법정,A,가,착AS,
555,63,롯데캐슬베네치아 101,중구 황학동 2545,201883.050,552376.790,Apr-33,,법정,B,가,착AS,
556,64,롯데캐슬베네치아 102,중구 황학동 2545,201883.050,552376.790,Apr-33,,법정,B,가,착AS,
557,65,롯데캐슬베네치아 103,중구 황학동 2545,201883.050,552376.790,Apr-33,,법정,B,가,착AS,
558,66,롯데캐슬베네치아 104,중구 황학동 2545,201883.050,552376.790,Apr-33,,법정,B,가,착AS,
559,67,롯데캐슬베네치아 105,중구 황학동 2545,201883.050,552376.790,Apr-33,,법정,B,가,착AS,
560,68,롯데캐슬베네치아 106,중구 황학동 2545,201883.050,552376.790,Apr-33,,법정,B,가,착AS,
561,69,남산 SK리더스뷰A동,중구 회현동 1가 206번지,198289.130,551066.720,07월 30일,,법정,A,가,착AS,
562,70,남산 SK리더스뷰B동,중구 회현동 1가 206번지,198289.130,551066.720,07월 30일,,법정,A,가,착AS,
563,71,남산 센트럴자이A동,중구 충무로 4가 306번지,199793.940,551444.780,Jul-32,,법정,A,가,착AW,
564,72,남산 센트럴자이B동,중구 충무로 4가 306번지,199793.940,551444.780,Jul-32,,법정,A,가,착AW,
565,73,남산 트라펠리스,중구 남대문로5가 827,197860.780,550479.240,Jun-37,,법정,A,가,착AW,
566,74,LG U＋Tower,중구 남대문로5가 827,197860.780,550479.240,06월 28일,,법정,A,가,착AS,
572,80,농협신관,중구 의주로1가 1-4,197140.280,551778.420,06월 21일,,법정,A,가,착AS,
573,81,롯데캐슬아이리스101동,서울 중구 소공로 35 남산롯데캐슬아이리스 103호,198385.400,550961.290,Jul-32,,법정,A,가,착AS,
574,82,롯데캐슬아이리스102동,서울 중구 소공로 35 남산롯데캐슬아이리스 상가 113호,198385.400,550961.290,Jul-32,,법정,A,가,착AS,
577,85,YG 타워,서울 중구 남대문로9길 40 센터플레이스(Center Place),198265.660,551956.250,06월 23일,,자진,A,가,착AS,
,,,,,,,,,,,,
,,,,,,,,,,,,
,,,,,,,,,,,,
,,,,,,,,,,,,
,,,,,,,,,,,,
,,,,,,,,,,,,
,,,,,,,,,,,,
,,,,,,,,,,,,
,,,,,,,,,,,,
,,,,,,,,,,,,
,,,,,,,,,,,,
,,,,,,,,,,,,
,,,,,,,,,,,,
,,,,,,,,,,,,
,,,,,,,,,,,,
,,,,,,,,,,,,
,,,,,,,,,,,,
,,,,,,,,,,,,
,,,,,,,,,,,,
,,,,,,,,,,,,
,,,,,,,,,,,,
,,,,,,,,,,,,
,,,,,,,,,,,,
,,,,,,,,,,,,
,,,,,,,,,,,,
,,,,,,,,,,,,
,,,,,,,,,,,,
,,,,,,,,,,,,
,,,,,,,,,,,,
,,,,,,,,,,,,
,,,,,,,,,,,,
,,,,,,,,,,,,
,,,,,,,,,,,,
,,,,,,,,,,,,
,,,,,,,,,,,,
,,,,,,,,,,,,
,,,,,,,,,,,,
,,,,,,,,,,,,
,,,,,,,,,,,,
,,,,,,,,,,,,
,,,,,,,,,,,,
,,,,,,,,,,,,
,,,,,,,,,,,,
,,,,,,,,,,,,
,,,,,,,,,,,,
,,,,,,,,,,,,
,,,,,,,,,,,,
,,,,,,,,,,,,
,,,,,,,,,,,,
,,,,,,,,,,,,
,,,,,,,,,,,,
,,,,,,,,,,,,
,,,,,,,,,,,,
,,,,,,,,,,,,
,,,,,,,,,,,,
,,,,,,,,,,,,
,,,,,,,,,,,,
,,,,,,,,,,,,
,,,,,,,,,,,,
,,,,,,,,,,,,
,,,,,,,,,,,,
,,,,,,,,,,,,
,,,,,,,,,,,,
,,,,,,,,,,,,
,,,,,,,,,,,,
,,,,,,,,,,,,
,,,,,,,,,,,,
,,,,,,,,,,,,
,,,,,,,,,,,,
,,,,,,,,,,,,
,,,,,,,,,,,,
,,,,,,,,,,,,
,,,,,,,,,,,,
,,,,,,,,,,,,
,,,,,,,,,,,,
,,,,,,,,,,,,
,,,,,,,,,,,,
,,,,,,,,,,,,
,,,,,,,,,,,,
,,,,,,,,,,,,
,,,,,,,,,,,,
,,,,,,,,,,,,
,,,,,,,,,,,,
,,,,,,,,,,,,
,,,,,,,,,,,,
,,,,,,,,,,,,
,,,,,,,,,,,,
,,,,,,,,,,,,
,,,,,,,,,,,,
,,,,,,,,,,,,
,,,,,,,,,,,,
,,,,,,,,,,,,
,,,,,,,,,,,,
,,,,,,,,,,,,
,,,,,,,,,,,,
,,,,,,,,,,,,
,,,,,,,,,,,,
,,,,,,,,,,,,
,,,,,,,,,,,,
,,,,,,,,,,,,
,,,,,,,,,,,,
,,,,,,,,,,,,
,,,,,,,,,,,,
,,,,,,,,,,,,
,,,,,,,,,,,,
,,,,,,,,,,,,
,,,,,,,,,,,,
,,,,,,,,,,,,
,,,,,,,,,,,,
,,,,,,,,,,,,
,,,,,,,,,,,,
,,,,,,,,,,,,
,,,,,,,,,,,,
,,,,,,,,,,,,
,,,,,,,,,,,,
,,,,,,,,,,,,
,,,,,,,,,,,,
,,,,,,,,,,,,
,,,,,,,,,,,,
,,,,,,,,,,,,
,,,,,,,,,,,,
,,,,,,,,,,,,
,,,,,,,,,,,,
,,,,,,,,,,,,
,,,,,,,,,,,,
,,,,,,,,,,,,
,,,,,,,,,,,,
,,,,,,,,,,,,
,,,,,,,,,,,,
,,,,,,,,,,,,
,,,,,,,,,,,,
,,,,,,,,,,,,
,,,,,,,,,,,,
,,,,,,,,,,,,
,,,,,,,,,,,,
,,,,,,,,,,,,
,,,,,,,,,,,,
,,,,,,,,,,,,
,,,,,,,,,,,,
,,,,,,,,,,,,
,,,,,,,,,,,,
,,,,,,,,,,,,
,,,,,,,,,,,,
,,,,,,,,,,,,
,,,,,,,,,,,,
,,,,,,,,,,,,
,,,,,,,,,,,,
,,,,,,,,,,,,
,,,,,,,,,,,,
,,,,,,,,,,,,
,,,,,,,,,,,,
,,,,,,,,,,,,
,,,,,,,,,,,,
,,,,,,,,,,,,
,,,,,,,,,,,,
,,,,,,,,,,,,
,,,,,,,,,,,,
,,,,,,,,,,,,
,,,,,,,,,,,,
,,,,,,,,,,,,
,,,,,,,,,,,,
,,,,,,,,,,,,
,,,,,,,,,,,,
,,,,,,,,,,,,
,,,,,,,,,,,,
,,,,,,,,,,,,
,,,,,,,,,,,,
,,,,,,,,,,,,
,,,,,,,,,,,,
,,,,,,,,,,,,
,,,,,,,,,,,,
,,,,,,,,,,,,
,,,,,,,,,,,,
,,,,,,,,,,,,
,,,,,,,,,,,,
,,,,,,,,,,,,
,,,,,,,,,,,,
,,,,,,,,,,,,
,,,,,,,,,,,,
,,,,,,,,,,,,
,,,,,,,,,,,,
,,,,,,,,,,,,
,,,,,,,,,,,,
,,,,,,,,,,,,
,,,,,,,,,,,,
,,,,,,,,,,,,
,,,,,,,,,,,,
,,,,,,,,,,,,
,,,,,,,,,,,,
,,,,,,,,,,,,
,,,,,,,,,,,,
,,,,,,,,,,,,
,,,,,,,,,,,,
,,,,,,,,,,,,
,,,,,,,,,,,,
,,,,,,,,,,,,
,,,,,,,,,,,,
,,,,,,,,,,,,
,,,,,,,,,,,,
,,,,,,,,,,,,
,,,,,,,,,,,,
,,,,,,,,,,,,
,,,,,,,,,,,,
,,,,,,,,,,,,
,,,,,,,,,,,,
,,,,,,,,,,,,
,,,,,,,,,,,,
,,,,,,,,,,,,
,,,,,,,,,,,,
,,,,,,,,,,,,
,,,,,,,,,,,,신규
,,,,,,,,,,,,신규
,,,,,,,,,,,,신규
,,,,,,,,,,,,신규
,,,,,,,,,,,,신규
,,,,,,,,,,,,신규
,,,,,,,,,,,,
,,,,,,,,,,,,
,,,,,,,,,,,,신규
,,,,,,,,,,,,
,,,,,,,,,,,,
,,,,,,,,,,,,
,,,,,,,,,,,,
,,,,,,,,,,,,
,,,,,,,,,,,,
,,,,,,,,,,,,
,,,,,,,,,,,,
,,,,,,,,,,,,
,,,,,,,,,,,,
,,,,,,,,,,,,
,,,,,,,,,,,,
,,,,,,,,,,,,
,,,,,,,,,,,,
,,,,,,,,,,,,
,,,,,,,,,,,,
,,,,,,,,,,,,
,,,,,,,,,,,,
,,,,,,,,,,,,
,,,,,,,,,,,,
,,,,,,,,,,,,
,,,,,,,,,,,,
,,,,,,,,,,,,
,,,,,,,,,,,,
,,,,,,,,,,,,
,,,,,,,,,,,,
,,,,,,,,,,,,
,,,,,,,,,,,,
,,,,,,,,,,,,
,,,,,,,,,,,,
,,,,,,,,,,,,
,,,,,,,,,,,,
,,,,,,,,,,,,
,,,,,,,,,,,,
,,,,,,,,,,,,
,,,,,,,,,,,,
,,,,,,,,,,,,
,,,,,,,,,,,,
,,,,,,,,,,,,
,,,,,,,,,,,,누락
,,,,,,,,,,,,누락
