helipad_id,source_fid,host_building_id,host_source,overlap_ratio,helipad_z_m,center_x_m,center_y_m,status
H000000,0,,buildings,,,208783.86904747935,545856.46857923,no_spatial_host
H000001,1,,buildings,,,209107.934946701,546198.2350116587,no_spatial_host
H000002,2,,buildings,,,209211.5479669273,546348.2060109586,no_spatial_host
H000003,3,,buildings,,,208351.0912195233,545785.5611826744,no_spatial_host
H000004,4,,buildings,,,208898.18910405764,546110.3661287399,no_spatial_host
H000005,5,,buildings,,,209322.00572220958,546369.0272444258,no_spatial_host
H000006,6,,buildings,,,209505.91894903145,547389.6104677074,no_spatial_host
H000007,7,,buildings,,,209125.57749180577,546165.2062351658,no_spatial_host
H000008,8,,buildings,,,208847.75195817498,545779.9177957491,no_spatial_host
H000009,9,,buildings,,,208331.28472217277,545696.60731099,no_spatial_host
H000010,10,,buildings,,,208269.0396166663,545776.4031240905,no_spatial_host
H000011,11,,buildings,,,209229.24430115402,546456.1018791313,no_spatial_host
H000012,12,,buildings,,,209049.62141024641,546369.3334485029,no_spatial_host
H000013,13,,buildings,,,209497.650314837,546133.3112146064,no_spatial_host
H000014,14,,buildings,,,209576.83814901565,547478.4171201609,no_spatial_host
H000015,15,,buildings,,,208883.45762006642,546314.6379062823,no_spatial_host
H000016,16,,buildings,,,209652.5342110311,547561.1962625104,no_spatial_host
H000017,17,,buildings,,,209065.30732743596,546126.9733731583,no_spatial_host
H000018,18,,buildings,,,208783.86904747935,545856.46857923,no_spatial_host
H000019,19,,buildings,,,209107.934946701,546198.2350116587,no_spatial_host
H000020,20,,buildings,,,209211.5479669273,546348.2060109586,no_spatial_host
H000021,21,,buildings,,,208351.0912195233,545785.5611826744,no_spatial_host
H000022,22,,buildings,,,208898.18910405764,546110.3661287399,no_spatial_host
H000023,23,,buildings,,,209322.00572220958,546369.0272444258,no_spatial_host
H000024,24,,buildings,,,209505.91894903145,547389.6104677074,no_spatial_host
H000025,25,,buildings,,,209125.57749180577,546165.2062351658,no_spatial_host
H000026,26,,buildings,,,208847.75195817498,545779.9177957491,no_spatial_host
H000027,27,,buildings,,,208331.28472217277,545696.60731099,no_spatial_host
H000028,28,,buildings,,,208269.0396166663,545776.4031240905,no_spatial_host
H000029,29,,buildings,,,209229.24430115402,546456.1018791313,no_spatial_host
H000030,30,,buildings,,,209049.62141024641,546369.3334485029,no_spatial_host
H000031,31,,buildings,,,209497.650314837,546133.3112146064,no_spatial_host
H000032,32,,buildings,,,209576.83814901565,547478.4171201609,no_spatial_host
H000033,33,,buildings,,,208883.45762006642,546314.6379062823,no_spatial_host
H000034,34,,buildings,,,209652.5342110311,547561.1962625104,no_spatial_host
H000035,35,,buildings,,,209065.30732743596,546126.9733731583,no_spatial_host
