helipad_id,axis_angle_deg,collision_count,colliding_building_ids,max_penetration_m,is_collision
H000000,0,,,,
H000000,1,,,,
H000000,2,,,,
H000000,3,,,,
H000000,4,,,,
H000000,5,,,,
H000000,6,,,,
H000000,7,,,,
H000000,8,,,,
H000000,9,,,,
H000000,10,,,,
H000000,11,,,,
H000000,12,,,,
H000000,13,,,,
H000000,14,,,,
H000000,15,,,,
H000000,16,,,,
H000000,17,,,,
H000000,18,,,,
H000000,19,,,,
H000000,20,,,,
H000000,21,,,,
H000000,22,,,,
H000000,23,,,,
H000000,24,,,,
H000000,25,,,,
H000000,26,,,,
H000000,27,,,,
H000000,28,,,,
H000000,29,,,,
H000000,30,,,,
H000000,31,,,,
H000000,32,,,,
H000000,33,,,,
H000000,34,,,,
H000000,35,,,,
H000000,36,,,,
H000000,37,,,,
H000000,38,,,,
H000000,39,,,,
H000000,40,,,,
H000000,41,,,,
H000000,42,,,,
H000000,43,,,,
H000000,44,,,,
H000000,45,,,,
H000000,46,,,,
H000000,47,,,,
H000000,48,,,,
H000000,49,,,,
H000000,50,,,,
H000000,51,,,,
H000000,52,,,,
H000000,53,,,,
H000000,54,,,,
H000000,55,,,,
H000000,56,,,,
H000000,57,,,,
H000000,58,,,,
H000000,59,,,,
H000000,60,,,,
H000000,61,,,,
H000000,62,,,,
H000000,63,,,,
H000000,64,,,,
H000000,65,,,,
H000000,66,,,,
H000000,67,,,,
H000000,68,,,,
H000000,69,,,,
H000000,70,,,,
H000000,71,,,,
H000000,72,,,,
H000000,73,,,,
H000000,74,,,,
H000000,75,,,,
H000000,76,,,,
H000000,77,,,,
H000000,78,,,,
H000000,79,,,,
H000000,80,,,,
H000000,81,,,,
H000000,82,,,,
H000000,83,,,,
H000000,84,,,,
H000000,85,,,,
H000000,86,,,,
H000000,87,,,,
H000000,88,,,,
H000000,89,,,,
H000000,90,,,,
H000000,91,,,,
H000000,92,,,,
H000000,93,,,,
H000000,94,,,,
H000000,95,,,,
H000000,96,,,,
H000000,97,,,,
H000000,98,,,,
H000000,99,,,,
H000000,100,,,,
H000000,101,,,,
H000000,102,,,,
H000000,103,,,,
H000000,104,,,,
H000000,105,,,,
H000000,106,,,,
H000000,107,,,,
H000000,108,,,,
H000000,109,,,,
H000000,110,,,,
H000000,111,,,,
H000000,112,,,,
H000000,113,,,,
H000000,114,,,,
H000000,115,,,,
H000000,116,,,,
H000000,117,,,,
H000000,118,,,,
H000000,119,,,,
H000000,120,,,,
H000000,121,,,,
H000000,122,,,,
H000000,123,,,,
H000000,124,,,,
H000000,125,,,,
H000000,126,,,,
H000000,127,,,,
H000000,128,,,,
H000000,129,,,,
H000000,130,,,,
H000000,131,,,,
H000000,132,,,,
H000000,133,,,,
H000000,134,,,,
H000000,135,,,,
H000000,136,,,,
H000000,137,,,,
H000000,138,,,,
H000000,139,,,,
H000000,140,,,,
H000000,141,,,,
H000000,142,,,,
H000000,143,,,,
H000000,144,,,,
H000000,145,,,,
H000000,146,,,,
H000000,147,,,,
H000000,148,,,,
H000000,149,,,,
H000000,150,,,,
H000000,151,,,,
H000000,152,,,,
H000000,153,,,,
H000000,154,,,,
H000000,155,,,,
H000000,156,,,,
H000000,157,,,,
H000000,158,,,,
H000000,159,,,,
H000000,160,,,,
H000000,161,,,,
H000000,162,,,,
H000000,163,,,,
H000000,164,,,,
H000000,165,,,,
H000000,166,,,,
H000000,167,,,,
H000000,168,,,,
H000000,169,,,,
H000000,170,,,,
H000000,171,,,,
H000000,172,,,,
H000000,173,,,,
H000000,174,,,,
H000000,175,,,,
H000000,176,,,,
H000000,177,,,,
H000000,178,,,,
H000000,179,,,,
H000001,0,,,,
H000001,1,,,,
H000001,2,,,,
H000001,3,,,,
H000001,4,,,,
H000001,5,,,,
H000001,6,,,,
H000001,7,,,,
H000001,8,,,,
H000001,9,,,,
H000001,10,,,,
H000001,11,,,,
H000001,12,,,,
H000001,13,,,,
H000001,14,,,,
H000001,15,,,,
H000001,16,,,,
H000001,17,,,,
H000001,18,,,,
H000001,19,,,,
H000001,20,,,,
H000001,21,,,,
H000001,22,,,,
H000001,23,,,,
H000001,24,,,,
H000001,25,,,,
H000001,26,,,,
H000001,27,,,,
H000001,28,,,,
H000001,29,,,,
H000001,30,,,,
H000001,31,,,,
H000001,32,,,,
H000001,33,,,,
H000001,34,,,,
H000001,35,,,,
H000001,36,,,,
H000001,37,,,,
H000001,38,,,,
H000001,39,,,,
H000001,40,,,,
H000001,41,,,,
H000001,42,,,,
H000001,43,,,,
H000001,44,,,,
H000001,45,,,,
H000001,46,,,,
H000001,47,,,,
H000001,48,,,,
H000001,49,,,,
H000001,50,,,,
H000001,51,,,,
H000001,52,,,,
H000001,53,,,,
H000001,54,,,,
H000001,55,,,,
H000001,56,,,,
H000001,57,,,,
H000001,58,,,,
H000001,59,,,,
H000001,60,,,,
H000001,61,,,,
H000001,62,,,,
H000001,63,,,,
H000001,64,,,,
H000001,65,,,,
H000001,66,,,,
H000001,67,,,,
H000001,68,,,,
H000001,69,,,,
H000001,70,,,,
H000001,71,,,,
H000001,72,,,,
H000001,73,,,,
H000001,74,,,,
H000001,75,,,,
H000001,76,,,,
H000001,77,,,,
H000001,78,,,,
H000001,79,,,,
H000001,80,,,,
H000001,81,,,,
H000001,82,,,,
H000001,83,,,,
H000001,84,,,,
H000001,85,,,,
H000001,86,,,,
H000001,87,,,,
H000001,88,,,,
H000001,89,,,,
H000001,90,,,,
H000001,91,,,,
H000001,92,,,,
H000001,93,,,,
H000001,94,,,,
H000001,95,,,,
H000001,96,,,,
H000001,97,,,,
H000001,98,,,,
H000001,99,,,,
H000001,100,,,,
H000001,101,,,,
H000001,102,,,,
H000001,103,,,,
H000001,104,,,,
H000001,105,,,,
H000001,106,,,,
H000001,107,,,,
H000001,108,,,,
H000001,109,,,,
H000001,110,,,,
H000001,111,,,,
H000001,112,,,,
H000001,113,,,,
H000001,114,,,,
H000001,115,,,,
H000001,116,,,,
H000001,117,,,,
H000001,118,,,,
H000001,119,,,,
H000001,120,,,,
H000001,121,,,,
H000001,122,,,,
H000001,123,,,,
H000001,124,,,,
H000001,125,,,,
H000001,126,,,,
H000001,127,,,,
H000001,128,,,,
H000001,129,,,,
H000001,130,,,,
H000001,131,,,,
H000001,132,,,,
H000001,133,,,,
H000001,134,,,,
H000001,135,,,,
H000001,136,,,,
H000001,137,,,,
H000001,138,,,,
H000001,139,,,,
H000001,140,,,,
H000001,141,,,,
H000001,142,,,,
H000001,143,,,,
H000001,144,,,,
H000001,145,,,,
H000001,146,,,,
H000001,147,,,,
H000001,148,,,,
H000001,149,,,,
H000001,150,,,,
H000001,151,,,,
H000001,152,,,,
H000001,153,,,,
H000001,154,,,,
H000001,155,,,,
H000001,156,,,,
H000001,157,,,,
H000001,158,,,,
H000001,159,,,,
H000001,160,,,,
H000001,161,,,,
H000001,162,,,,
H000001,163,,,,
H000001,164,,,,
H000001,165,,,,
H000001,166,,,,
H000001,167,,,,
H000001,168,,,,
H000001,169,,,,
H000001,170,,,,
H000001,171,,,,
H000001,172,,,,
H000001,173,,,,
H000001,174,,,,
H000001,175,,,,
H000001,176,,,,
H000001,177,,,,
H000001,178,,,,
H000001,179,,,,
H000002,0,,,,
H000002,1,,,,
H000002,2,,,,
H000002,3,,,,
H000002,4,,,,
H000002,5,,,,
H000002,6,,,,
H000002,7,,,,
H000002,8,,,,
H000002,9,,,,
H000002,10,,,,
H000002,11,,,,
H000002,12,,,,
H000002,13,,,,
H000002,14,,,,
H000002,15,,,,
H000002,16,,,,
H000002,17,,,,
H000002,18,,,,
H000002,19,,,,
H000002,20,,,,
H000002,21,,,,
H000002,22,,,,
H000002,23,,,,
H000002,24,,,,
H000002,25,,,,
H000002,26,,,,
H000002,27,,,,
H000002,28,,,,
H000002,29,,,,
H000002,30,,,,
H000002,31,,,,
H000002,32,,,,
H000002,33,,,,
H000002,34,,,,
H000002,35,,,,
H000002,36,,,,
H000002,37,,,,
H000002,38,,,,
H000002,39,,,,
H000002,40,,,,
H000002,41,,,,
H000002,42,,,,
H000002,43,,,,
H000002,44,,,,
H000002,45,,,,
H000002,46,,,,
H000002,47,,,,
H000002,48,,,,
H000002,49,,,,
H000002,50,,,,
H000002,51,,,,
H000002,52,,,,
H000002,53,,,,
H000002,54,,,,
H000002,55,,,,
H000002,56,,,,
H000002,57,,,,
H000002,58,,,,
H000002,59,,,,
H000002,60,,,,
H000002,61,,,,
H000002,62,,,,
H000002,63,,,,
H000002,64,,,,
H000002,65,,,,
H000002,66,,,,
H000002,67,,,,
H000002,68,,,,
H000002,69,,,,
H000002,70,,,,
H000002,71,,,,
H000002,72,,,,
H000002,73,,,,
H000002,74,,,,
H000002,75,,,,
H000002,76,,,,
H000002,77,,,,
H000002,78,,,,
H000002,79,,,,
H000002,80,,,,
H000002,81,,,,
H000002,82,,,,
H000002,83,,,,
H000002,84,,,,
H000002,85,,,,
H000002,86,,,,
H000002,87,,,,
H000002,88,,,,
H000002,89,,,,
H000002,90,,,,
H000002,91,,,,
H000002,92,,,,
H000002,93,,,,
H000002,94,,,,
H000002,95,,,,
H000002,96,,,,
H000002,97,,,,
H000002,98,,,,
H000002,99,,,,
H000002,100,,,,
H000002,101,,,,
H000002,102,,,,
H000002,103,,,,
H000002,104,,,,
H000002,105,,,,
H000002,106,,,,
H000002,107,,,,
H000002,108,,,,
H000002,109,,,,
H000002,110,,,,
H000002,111,,,,
H000002,112,,,,
H000002,113,,,,
H000002,114,,,,
H000002,115,,,,
H000002,116,,,,
H000002,117,,,,
H000002,118,,,,
H000002,119,,,,
H000002,120,,,,
H000002,121,,,,
H000002,122,,,,
H000002,123,,,,
H000002,124,,,,
H000002,125,,,,
H000002,126,,,,
H000002,127,,,,
H000002,128,,,,
H000002,129,,,,
H000002,130,,,,
H000002,131,,,,
H000002,132,,,,
H000002,133,,,,
H000002,134,,,,
H000002,135,,,,
H000002,136,,,,
H000002,137,,,,
H000002,138,,,,
H000002,139,,,,
H000002,140,,,,
H000002,141,,,,
H000002,142,,,,
H000002,143,,,,
H000002,144,,,,
H000002,145,,,,
H000002,146,,,,
H000002,147,,,,
H000002,148,,,,
H000002,149,,,,
H000002,150,,,,
H000002,151,,,,
H000002,152,,,,
H000002,153,,,,
H000002,154,,,,
H000002,155,,,,
H000002,156,,,,
H000002,157,,,,
H000002,158,,,,
H000002,159,,,,
H000002,160,,,,
H000002,161,,,,
H000002,162,,,,
H000002,163,,,,
H000002,164,,,,
H000002,165,,,,
H000002,166,,,,
H000002,167,,,,
H000002,168,,,,
H000002,169,,,,
H000002,170,,,,
H000002,171,,,,
H000002,172,,,,
H000002,173,,,,
H000002,174,,,,
H000002,175,,,,
H000002,176,,,,
H000002,177,,,,
H000002,178,,,,
H000002,179,,,,
H000003,0,,,,
H000003,1,,,,
H000003,2,,,,
H000003,3,,,,
H000003,4,,,,
H000003,5,,,,
H000003,6,,,,
H000003,7,,,,
H000003,8,,,,
H000003,9,,,,
H000003,10,,,,
H000003,11,,,,
H000003,12,,,,
H000003,13,,,,
H000003,14,,,,
H000003,15,,,,
H000003,16,,,,
H000003,17,,,,
H000003,18,,,,
H000003,19,,,,
H000003,20,,,,
H000003,21,,,,
H000003,22,,,,
H000003,23,,,,
H000003,24,,,,
H000003,25,,,,
H000003,26,,,,
H000003,27,,,,
H000003,28,,,,
H000003,29,,,,
H000003,30,,,,
H000003,31,,,,
H000003,32,,,,
H000003,33,,,,
H000003,34,,,,
H000003,35,,,,
H000003,36,,,,
H000003,37,,,,
H000003,38,,,,
H000003,39,,,,
H000003,40,,,,
H000003,41,,,,
H000003,42,,,,
H000003,43,,,,
H000003,44,,,,
H000003,45,,,,
H000003,46,,,,
H000003,47,,,,
H000003,48,,,,
H000003,49,,,,
H000003,50,,,,
H000003,51,,,,
H000003,52,,,,
H000003,53,,,,
H000003,54,,,,
H000003,55,,,,
H000003,56,,,,
H000003,57,,,,
H000003,58,,,,
H000003,59,,,,
H000003,60,,,,
H000003,61,,,,
H000003,62,,,,
H000003,63,,,,
H000003,64,,,,
H000003,65,,,,
H000003,66,,,,
H000003,67,,,,
H000003,68,,,,
H000003,69,,,,
H000003,70,,,,
H000003,71,,,,
H000003,72,,,,
H000003,73,,,,
H000003,74,,,,
H000003,75,,,,
H000003,76,,,,
H000003,77,,,,
H000003,78,,,,
H000003,79,,,,
H000003,80,,,,
H000003,81,,,,
H000003,82,,,,
H000003,83,,,,
H000003,84,,,,
H000003,85,,,,
H000003,86,,,,
H000003,87,,,,
H000003,88,,,,
H000003,89,,,,
H000003,90,,,,
H000003,91,,,,
H000003,92,,,,
H000003,93,,,,
H000003,94,,,,
H000003,95,,,,
H000003,96,,,,
H000003,97,,,,
H000003,98,,,,
H000003,99,,,,
H000003,100,,,,
H000003,101,,,,
H000003,102,,,,
H000003,103,,,,
H000003,104,,,,
H000003,105,,,,
H000003,106,,,,
H000003,107,,,,
H000003,108,,,,
H000003,109,,,,
H000003,110,,,,
H000003,111,,,,
H000003,112,,,,
H000003,113,,,,
H000003,114,,,,
H000003,115,,,,
H000003,116,,,,
H000003,117,,,,
H000003,118,,,,
H000003,119,,,,
H000003,120,,,,
H000003,121,,,,
H000003,122,,,,
H000003,123,,,,
H000003,124,,,,
H000003,125,,,,
H000003,126,,,,
H000003,127,,,,
H000003,128,,,,
H000003,129,,,,
H000003,130,,,,
H000003,131,,,,
H000003,132,,,,
H000003,133,,,,
H000003,134,,,,
H000003,135,,,,
H000003,136,,,,
H000003,137,,,,
H000003,138,,,,
H000003,139,,,,
H000003,140,,,,
H000003,141,,,,
H000003,142,,,,
H000003,143,,,,
H000003,144,,,,
H000003,145,,,,
H000003,146,,,,
H000003,147,,,,
H000003,148,,,,
H000003,149,,,,
H000003,150,,,,
H000003,151,,,,
H000003,152,,,,
H000003,153,,,,
H000003,154,,,,
H000003,155,,,,
H000003,156,,,,
H000003,157,,,,
H000003,158,,,,
H000003,159,,,,
H000003,160,,,,
H000003,161,,,,
H000003,162,,,,
H000003,163,,,,
H000003,164,,,,
H000003,165,,,,
H000003,166,,,,
H000003,167,,,,
H000003,168,,,,
H000003,169,,,,
H000003,170,,,,
H000003,171,,,,
H000003,172,,,,
H000003,173,,,,
H000003,174,,,,
H000003,175,,,,
H000003,176,,,,
H000003,177,,,,
H000003,178,,,,
H000003,179,,,,
H000004,0,,,,
H000004,1,,,,
H000004,2,,,,
H000004,3,,,,
H000004,4,,,,
H000004,5,,,,
H000004,6,,,,
H000004,7,,,,
H000004,8,,,,
H000004,9,,,,
H000004,10,,,,
H000004,11,,,,
H000004,12,,,,
H000004,13,,,,
H000004,14,,,,
H000004,15,,,,
H000004,16,,,,
H000004,17,,,,
H000004,18,,,,
H000004,19,,,,
H000004,20,,,,
H000004,21,,,,
H000004,22,,,,
H000004,23,,,,
H000004,24,,,,
H000004,25,,,,
H000004,26,,,,
H000004,27,,,,
H000004,28,,,,
H000004,29,,,,
H000004,30,,,,
H000004,31,,,,
H000004,32,,,,
H000004,33,,,,
H000004,34,,,,
H000004,35,,,,
H000004,36,,,,
H000004,37,,,,
H000004,38,,,,
H000004,39,,,,
H000004,40,,,,
H000004,41,,,,
H000004,42,,,,
H000004,43,,,,
H000004,44,,,,
H000004,45,,,,
H000004,46,,,,
H000004,47,,,,
H000004,48,,,,
H000004,49,,,,
H000004,50,,,,
H000004,51,,,,
H000004,52,,,,
H000004,53,,,,
H000004,54,,,,
H000004,55,,,,
H000004,56,,,,
H000004,57,,,,
H000004,58,,,,
H000004,59,,,,
H000004,60,,,,
H000004,61,,,,
H000004,62,,,,
H000004,63,,,,
H000004,64,,,,
H000004,65,,,,
H000004,66,,,,
H000004,67,,,,
H000004,68,,,,
H000004,69,,,,
H000004,70,,,,
H000004,71,,,,
H000004,72,,,,
H000004,73,,,,
H000004,74,,,,
H000004,75,,,,
H000004,76,,,,
H000004,77,,,,
H000004,78,,,,
H000004,79,,,,
H000004,80,,,,
H000004,81,,,,
H000004,82,,,,
H000004,83,,,,
H000004,84,,,,
H000004,85,,,,
H000004,86,,,,
H000004,87,,,,
H000004,88,,,,
H000004,89,,,,
H000004,90,,,,
H000004,91,,,,
H000004,92,,,,
H000004,93,,,,
H000004,94,,,,
H000004,95,,,,
H000004,96,,,,
H000004,97,,,,
H000004,98,,,,
H000004,99,,,,
H000004,100,,,,
H000004,101,,,,
H000004,102,,,,
H000004,103,,,,
H000004,104,,,,
H000004,105,,,,
H000004,106,,,,
H000004,107,,,,
H000004,108,,,,
H000004,109,,,,
H000004,110,,,,
H000004,111,,,,
H000004,112,,,,
H000004,113,,,,
H000004,114,,,,
H000004,115,,,,
H000004,116,,,,
H000004,117,,,,
H000004,118,,,,
H000004,119,,,,
H000004,120,,,,
H000004,121,,,,
H000004,122,,,,
H000004,123,,,,
H000004,124,,,,
H000004,125,,,,
H000004,126,,,,
H000004,127,,,,
H000004,128,,,,
H000004,129,,,,
H000004,130,,,,
H000004,131,,,,
H000004,132,,,,
H000004,133,,,,
H000004,134,,,,
H000004,135,,,,
H000004,136,,,,
H000004,137,,,,
H000004,138,,,,
H000004,139,,,,
H000004,140,,,,
H000004,141,,,,
H000004,142,,,,
H000004,143,,,,
H000004,144,,,,
H000004,145,,,,
H000004,146,,,,
H000004,147,,,,
H000004,148,,,,
H000004,149,,,,
H000004,150,,,,
H000004,151,,,,
H000004,152,,,,
H000004,153,,,,
H000004,154,,,,
H000004,155,,,,
H000004,156,,,,
H000004,157,,,,
H000004,158,,,,
H000004,159,,,,
H000004,160,,,,
H000004,161,,,,
H000004,162,,,,
H000004,163,,,,
H000004,164,,,,
H000004,165,,,,
H000004,166,,,,
H000004,167,,,,
H000004,168,,,,
H000004,169,,,,
H000004,170,,,,
H000004,171,,,,
H000004,172,,,,
H000004,173,,,,
H000004,174,,,,
H000004,175,,,,
H000004,176,,,,
H000004,177,,,,
H000004,178,,,,
H000004,179,,,,
H000005,0,,,,
H000005,1,,,,
H000005,2,,,,
H000005,3,,,,
H000005,4,,,,
H000005,5,,,,
H000005,6,,,,
H000005,7,,,,
H000005,8,,,,
H000005,9,,,,
H000005,10,,,,
H000005,11,,,,
H000005,12,,,,
H000005,13,,,,
H000005,14,,,,
H000005,15,,,,
H000005,16,,,,
H000005,17,,,,
H000005,18,,,,
H000005,19,,,,
H000005,20,,,,
H000005,21,,,,
H000005,22,,,,
H000005,23,,,,
H000005,24,,,,
H000005,25,,,,
H000005,26,,,,
H000005,27,,,,
H000005,28,,,,
H000005,29,,,,
H000005,30,,,,
H000005,31,,,,
H000005,32,,,,
H000005,33,,,,
H000005,34,,,,
H000005,35,,,,
H000005,36,,,,
H000005,37,,,,
H000005,38,,,,
H000005,39,,,,
H000005,40,,,,
H000005,41,,,,
H000005,42,,,,
H000005,43,,,,
H000005,44,,,,
H000005,45,,,,
H000005,46,,,,
H000005,47,,,,
H000005,48,,,,
H000005,49,,,,
H000005,50,,,,
H000005,51,,,,
H000005,52,,,,
H000005,53,,,,
H000005,54,,,,
H000005,55,,,,
H000005,56,,,,
H000005,57,,,,
H000005,58,,,,
H000005,59,,,,
H000005,60,,,,
H000005,61,,,,
H000005,62,,,,
H000005,63,,,,
H000005,64,,,,
H000005,65,,,,
H000005,66,,,,
H000005,67,,,,
H000005,68,,,,
H000005,69,,,,
H000005,70,,,,
H000005,71,,,,
H000005,72,,,,
H000005,73,,,,
H000005,74,,,,
H000005,75,,,,
H000005,76,,,,
H000005,77,,,,
H000005,78,,,,
H000005,79,,,,
H000005,80,,,,
H000005,81,,,,
H000005,82,,,,
H000005,83,,,,
H000005,84,,,,
H000005,85,,,,
H000005,86,,,,
H000005,87,,,,
H000005,88,,,,
H000005,89,,,,
H000005,90,,,,
H000005,91,,,,
H000005,92,,,,
H000005,93,,,,
H000005,94,,,,
H000005,95,,,,
H000005,96,,,,
H000005,97,,,,
H000005,98,,,,
H000005,99,,,,
H000005,100,,,,
H000005,101,,,,
H000005,102,,,,
H000005,103,,,,
H000005,104,,,,
H000005,105,,,,
H000005,106,,,,
H000005,107,,,,
H000005,108,,,,
H000005,109,,,,
H000005,110,,,,
H000005,111,,,,
H000005,112,,,,
H000005,113,,,,
H000005,114,,,,
H000005,115,,,,
H000005,116,,,,
H000005,117,,,,
H000005,118,,,,
H000005,119,,,,
H000005,120,,,,
H000005,121,,,,
H000005,122,,,,
H000005,123,,,,
H000005,124,,,,
H000005,125,,,,
H000005,126,,,,
H000005,127,,,,
H000005,128,,,,
H000005,129,,,,
H000005,130,,,,
H000005,131,,,,
H000005,132,,,,
H000005,133,,,,
H000005,134,,,,
H000005,135,,,,
H000005,136,,,,
H000005,137,,,,
H000005,138,,,,
H000005,139,,,,
H000005,140,,,,
H000005,141,,,,
H000005,142,,,,
H000005,143,,,,
H000005,144,,,,
H000005,145,,,,
H000005,146,,,,
H000005,147,,,,
H000005,148,,,,
H000005,149,,,,
H000005,150,,,,
H000005,151,,,,
H000005,152,,,,
H000005,153,,,,
H000005,154,,,,
H000005,155,,,,
H000005,156,,,,
H000005,157,,,,
H000005,158,,,,
H000005,159,,,,
H000005,160,,,,
H000005,161,,,,
H000005,162,,,,
H000005,163,,,,
H000005,164,,,,
H000005,165,,,,
H000005,166,,,,
H000005,167,,,,
H000005,168,,,,
H000005,169,,,,
H000005,170,,,,
H000005,171,,,,
H000005,172,,,,
H000005,173,,,,
H000005,174,,,,
H000005,175,,,,
H000005,176,,,,
H000005,177,,,,
H000005,178,,,,
H000005,179,,,,
H000006,0,,,,
H000006,1,,,,
H000006,2,,,,
H000006,3,,,,
H000006,4,,,,
H000006,5,,,,
H000006,6,,,,
H000006,7,,,,
H000006,8,,,,
H000006,9,,,,
H000006,10,,,,
H000006,11,,,,
H000006,12,,,,
H000006,13,,,,
H000006,14,,,,
H000006,15,,,,
H000006,16,,,,
H000006,17,,,,
H000006,18,,,,
H000006,19,,,,
H000006,20,,,,
H000006,21,,,,
H000006,22,,,,
H000006,23,,,,
H000006,24,,,,
H000006,25,,,,
H000006,26,,,,
H000006,27,,,,
H000006,28,,,,
H000006,29,,,,
H000006,30,,,,
H000006,31,,,,
H000006,32,,,,
H000006,33,,,,
H000006,34,,,,
H000006,35,,,,
H000006,36,,,,
H000006,37,,,,
H000006,38,,,,
H000006,39,,,,
H000006,40,,,,
H000006,41,,,,
H000006,42,,,,
H000006,43,,,,
H000006,44,,,,
H000006,45,,,,
H000006,46,,,,
H000006,47,,,,
H000006,48,,,,
H000006,49,,,,
H000006,50,,,,
H000006,51,,,,
H000006,52,,,,
H000006,53,,,,
H000006,54,,,,
H000006,55,,,,
H000006,56,,,,
H000006,57,,,,
H000006,58,,,,
H000006,59,,,,
H000006,60,,,,
H000006,61,,,,
H000006,62,,,,
H000006,63,,,,
H000006,64,,,,
H000006,65,,,,
H000006,66,,,,
H000006,67,,,,
H000006,68,,,,
H000006,69,,,,
H000006,70,,,,
H000006,71,,,,
H000006,72,,,,
H000006,73,,,,
H000006,74,,,,
H000006,75,,,,
H000006,76,,,,
H000006,77,,,,
H000006,78,,,,
H000006,79,,,,
H000006,80,,,,
H000006,81,,,,
H000006,82,,,,
H000006,83,,,,
H000006,84,,,,
H000006,85,,,,
H000006,86,,,,
H000006,87,,,,
H000006,88,,,,
H000006,89,,,,
H000006,90,,,,
H000006,91,,,,
H000006,92,,,,
H000006,93,,,,
H000006,94,,,,
H000006,95,,,,
H000006,96,,,,
H000006,97,,,,
H000006,98,,,,
H000006,99,,,,
H000006,100,,,,
H000006,101,,,,
H000006,102,,,,
H000006,103,,,,
H000006,104,,,,
H000006,105,,,,
H000006,106,,,,
H000006,107,,,,
H000006,108,,,,
H000006,109,,,,
H000006,110,,,,
H000006,111,,,,
H000006,112,,,,
H000006,113,,,,
H000006,114,,,,
H000006,115,,,,
H000006,116,,,,
H000006,117,,,,
H000006,118,,,,
H000006,119,,,,
H000006,120,,,,
H000006,121,,,,
H000006,122,,,,
H000006,123,,,,
H000006,124,,,,
H000006,125,,,,
H000006,126,,,,
H000006,127,,,,
H000006,128,,,,
H000006,129,,,,
H000006,130,,,,
H000006,131,,,,
H000006,132,,,,
H000006,133,,,,
H000006,134,,,,
H000006,135,,,,
H000006,136,,,,
H000006,137,,,,
H000006,138,,,,
H000006,139,,,,
H000006,140,,,,
H000006,141,,,,
H000006,142,,,,
H000006,143,,,,
H000006,144,,,,
H000006,145,,,,
H000006,146,,,,
H000006,147,,,,
H000006,148,,,,
H000006,149,,,,
H000006,150,,,,
H000006,151,,,,
H000006,152,,,,
H000006,153,,,,
H000006,154,,,,
H000006,155,,,,
H000006,156,,,,
H000006,157,,,,
H000006,158,,,,
H000006,159,,,,
H000006,160,,,,
H000006,161,,,,
H000006,162,,,,
H000006,163,,,,
H000006,164,,,,
H000006,165,,,,
H000006,166,,,,
H000006,167,,,,
H000006,168,,,,
H000006,169,,,,
H000006,170,,,,
H000006,171,,,,
H000006,172,,,,
H000006,173,,,,
H000006,174,,,,
H000006,175,,,,
H000006,176,,,,
H000006,177,,,,
H000006,178,,,,
H000006,179,,,,
H000007,0,,,,
H000007,1,,,,
H000007,2,,,,
H000007,3,,,,
H000007,4,,,,
H000007,5,,,,
H000007,6,,,,
H000007,7,,,,
H000007,8,,,,
H000007,9,,,,
H000007,10,,,,
H000007,11,,,,
H000007,12,,,,
H000007,13,,,,
H000007,14,,,,
H000007,15,,,,
H000007,16,,,,
H000007,17,,,,
H000007,18,,,,
H000007,19,,,,
H000007,20,,,,
H000007,21,,,,
H000007,22,,,,
H000007,23,,,,
H000007,24,,,,
H000007,25,,,,
H000007,26,,,,
H000007,27,,,,
H000007,28,,,,
H000007,29,,,,
H000007,30,,,,
H000007,31,,,,
H000007,32,,,,
H000007,33,,,,
H000007,34,,,,
H000007,35,,,,
H000007,36,,,,
H000007,37,,,,
H000007,38,,,,
H000007,39,,,,
H000007,40,,,,
H000007,41,,,,
H000007,42,,,,
H000007,43,,,,
H000007,44,,,,
H000007,45,,,,
H000007,46,,,,
H000007,47,,,,
H000007,48,,,,
H000007,49,,,,
H000007,50,,,,
H000007,51,,,,
H000007,52,,,,
H000007,53,,,,
H000007,54,,,,
H000007,55,,,,
H000007,56,,,,
H000007,57,,,,
H000007,58,,,,
H000007,59,,,,
H000007,60,,,,
H000007,61,,,,
H000007,62,,,,
H000007,63,,,,
H000007,64,,,,
H000007,65,,,,
H000007,66,,,,
H000007,67,,,,
H000007,68,,,,
H000007,69,,,,
H000007,70,,,,
H000007,71,,,,
H000007,72,,,,
H000007,73,,,,
H000007,74,,,,
H000007,75,,,,
H000007,76,,,,
H000007,77,,,,
H000007,78,,,,
H000007,79,,,,
H000007,80,,,,
H000007,81,,,,
H000007,82,,,,
H000007,83,,,,
H000007,84,,,,
H000007,85,,,,
H000007,86,,,,
H000007,87,,,,
H000007,88,,,,
H000007,89,,,,
H000007,90,,,,
H000007,91,,,,
H000007,92,,,,
H000007,93,,,,
H000007,94,,,,
H000007,95,,,,
H000007,96,,,,
H000007,97,,,,
H000007,98,,,,
H000007,99,,,,
H000007,100,,,,
H000007,101,,,,
H000007,102,,,,
H000007,103,,,,
H000007,104,,,,
H000007,105,,,,
H000007,106,,,,
H000007,107,,,,
H000007,108,,,,
H000007,109,,,,
H000007,110,,,,
H000007,111,,,,
H000007,112,,,,
H000007,113,,,,
H000007,114,,,,
H000007,115,,,,
H000007,116,,,,
H000007,117,,,,
H000007,118,,,,
H000007,119,,,,
H000007,120,,,,
H000007,121,,,,
H000007,122,,,,
H000007,123,,,,
H000007,124,,,,
H000007,125,,,,
H000007,126,,,,
H000007,127,,,,
H000007,128,,,,
H000007,129,,,,
H000007,130,,,,
H000007,131,,,,
H000007,132,,,,
H000007,133,,,,
H000007,134,,,,
H000007,135,,,,
H000007,136,,,,
H000007,137,,,,
H000007,138,,,,
H000007,139,,,,
H000007,140,,,,
H000007,141,,,,
H000007,142,,,,
H000007,143,,,,
H000007,144,,,,
H000007,145,,,,
H000007,146,,,,
H000007,147,,,,
H000007,148,,,,
H000007,149,,,,
H000007,150,,,,
H000007,151,,,,
H000007,152,,,,
H000007,153,,,,
H000007,154,,,,
H000007,155,,,,
H000007,156,,,,
H000007,157,,,,
H000007,158,,,,
H000007,159,,,,
H000007,160,,,,
H000007,161,,,,
H000007,162,,,,
H000007,163,,,,
H000007,164,,,,
H000007,165,,,,
H000007,166,,,,
H000007,167,,,,
H000007,168,,,,
H000007,169,,,,
H000007,170,,,,
H000007,171,,,,
H000007,172,,,,
H000007,173,,,,
H000007,174,,,,
H000007,175,,,,
H000007,176,,,,
H000007,177,,,,
H000007,178,,,,
H000007,179,,,,
H000008,0,,,,
H000008,1,,,,
H000008,2,,,,
H000008,3,,,,
H000008,4,,,,
H000008,5,,,,
H000008,6,,,,
H000008,7,,,,
H000008,8,,,,
H000008,9,,,,
H000008,10,,,,
H000008,11,,,,
H000008,12,,,,
H000008,13,,,,
H000008,14,,,,
H000008,15,,,,
H000008,16,,,,
H000008,17,,,,
H000008,18,,,,
H000008,19,,,,
H000008,20,,,,
H000008,21,,,,
H000008,22,,,,
H000008,23,,,,
H000008,24,,,,
H000008,25,,,,
H000008,26,,,,
H000008,27,,,,
H000008,28,,,,
H000008,29,,,,
H000008,30,,,,
H000008,31,,,,
H000008,32,,,,
H000008,33,,,,
H000008,34,,,,
H000008,35,,,,
H000008,36,,,,
H000008,37,,,,
H000008,38,,,,
H000008,39,,,,
H000008,40,,,,
H000008,41,,,,
H000008,42,,,,
H000008,43,,,,
H000008,44,,,,
H000008,45,,,,
H000008,46,,,,
H000008,47,,,,
H000008,48,,,,
H000008,49,,,,
H000008,50,,,,
H000008,51,,,,
H000008,52,,,,
H000008,53,,,,
H000008,54,,,,
H000008,55,,,,
H000008,56,,,,
H000008,57,,,,
H000008,58,,,,
H000008,59,,,,
H000008,60,,,,
H000008,61,,,,
H000008,62,,,,
H000008,63,,,,
H000008,64,,,,
H000008,65,,,,
H000008,66,,,,
H000008,67,,,,
H000008,68,,,,
H000008,69,,,,
H000008,70,,,,
H000008,71,,,,
H000008,72,,,,
H000008,73,,,,
H000008,74,,,,
H000008,75,,,,
H000008,76,,,,
H000008,77,,,,
H000008,78,,,,
H000008,79,,,,
H000008,80,,,,
H000008,81,,,,
H000008,82,,,,
H000008,83,,,,
H000008,84,,,,
H000008,85,,,,
H000008,86,,,,
H000008,87,,,,
H000008,88,,,,
H000008,89,,,,
H000008,90,,,,
H000008,91,,,,
H000008,92,,,,
H000008,93,,,,
H000008,94,,,,
H000008,95,,,,
H000008,96,,,,
H000008,97,,,,
H000008,98,,,,
H000008,99,,,,
H000008,100,,,,
H000008,101,,,,
H000008,102,,,,
H000008,103,,,,
H000008,104,,,,
H000008,105,,,,
H000008,106,,,,
H000008,107,,,,
H000008,108,,,,
H000008,109,,,,
H000008,110,,,,
H000008,111,,,,
H000008,112,,,,
H000008,113,,,,
H000008,114,,,,
H000008,115,,,,
H000008,116,,,,
H000008,117,,,,
H000008,118,,,,
H000008,119,,,,
H000008,120,,,,
H000008,121,,,,
H000008,122,,,,
H000008,123,,,,
H000008,124,,,,
H000008,125,,,,
H000008,126,,,,
H000008,127,,,,
H000008,128,,,,
H000008,129,,,,
H000008,130,,,,
H000008,131,,,,
H000008,132,,,,
H000008,133,,,,
H000008,134,,,,
H000008,135,,,,
H000008,136,,,,
H000008,137,,,,
H000008,138,,,,
H000008,139,,,,
H000008,140,,,,
H000008,141,,,,
H000008,142,,,,
H000008,143,,,,
H000008,144,,,,
H000008,145,,,,
H000008,146,,,,
H000008,147,,,,
H000008,148,,,,
H000008,149,,,,
H000008,150,,,,
H000008,151,,,,
H000008,152,,,,
H000008,153,,,,
H000008,154,,,,
H000008,155,,,,
H000008,156,,,,
H000008,157,,,,
H000008,158,,,,
H000008,159,,,,
H000008,160,,,,
H000008,161,,,,
H000008,162,,,,
H000008,163,,,,
H000008,164,,,,
H000008,165,,,,
H000008,166,,,,
H000008,167,,,,
H000008,168,,,,
H000008,169,,,,
H000008,170,,,,
H000008,171,,,,
H000008,172,,,,
H000008,173,,,,
H000008,174,,,,
H000008,175,,,,
H000008,176,,,,
H000008,177,,,,
H000008,178,,,,
H000008,179,,,,
H000009,0,,,,
H000009,1,,,,
H000009,2,,,,
H000009,3,,,,
H000009,4,,,,
H000009,5,,,,
H000009,6,,,,
H000009,7,,,,
H000009,8,,,,
H000009,9,,,,
H000009,10,,,,
H000009,11,,,,
H000009,12,,,,
H000009,13,,,,
H000009,14,,,,
H000009,15,,,,
H000009,16,,,,
H000009,17,,,,
H000009,18,,,,
H000009,19,,,,
H000009,20,,,,
H000009,21,,,,
H000009,22,,,,
H000009,23,,,,
H000009,24,,,,
H000009,25,,,,
H000009,26,,,,
H000009,27,,,,
H000009,28,,,,
H000009,29,,,,
H000009,30,,,,
H000009,31,,,,
H000009,32,,,,
H000009,33,,,,
H000009,34,,,,
H000009,35,,,,
H000009,36,,,,
H000009,37,,,,
H000009,38,,,,
H000009,39,,,,
H000009,40,,,,
H000009,41,,,,
H000009,42,,,,
H000009,43,,,,
H000009,44,,,,
H000009,45,,,,
H000009,46,,,,
H000009,47,,,,
H000009,48,,,,
H000009,49,,,,
H000009,50,,,,
H000009,51,,,,
H000009,52,,,,
H000009,53,,,,
H000009,54,,,,
H000009,55,,,,
H000009,56,,,,
H000009,57,,,,
H000009,58,,,,
H000009,59,,,,
H000009,60,,,,
H000009,61,,,,
H000009,62,,,,
H000009,63,,,,
H000009,64,,,,
H000009,65,,,,
H000009,66,,,,
H000009,67,,,,
H000009,68,,,,
H000009,69,,,,
H000009,70,,,,
H000009,71,,,,
H000009,72,,,,
H000009,73,,,,
H000009,74,,,,
H000009,75,,,,
H000009,76,,,,
H000009,77,,,,
H000009,78,,,,
H000009,79,,,,
H000009,80,,,,
H000009,81,,,,
H000009,82,,,,
H000009,83,,,,
H000009,84,,,,
H000009,85,,,,
H000009,86,,,,
H000009,87,,,,
H000009,88,,,,
H000009,89,,,,
H000009,90,,,,
H000009,91,,,,
H000009,92,,,,
H000009,93,,,,
H000009,94,,,,
H000009,95,,,,
H000009,96,,,,
H000009,97,,,,
H000009,98,,,,
H000009,99,,,,
H000009,100,,,,
H000009,101,,,,
H000009,102,,,,
H000009,103,,,,
H000009,104,,,,
H000009,105,,,,
H000009,106,,,,
H000009,107,,,,
H000009,108,,,,
H000009,109,,,,
H000009,110,,,,
H000009,111,,,,
H000009,112,,,,
H000009,113,,,,
H000009,114,,,,
H000009,115,,,,
H000009,116,,,,
H000009,117,,,,
H000009,118,,,,
H000009,119,,,,
H000009,120,,,,
H000009,121,,,,
H000009,122,,,,
H000009,123,,,,
H000009,124,,,,
H000009,125,,,,
H000009,126,,,,
H000009,127,,,,
H000009,128,,,,
H000009,129,,,,
H000009,130,,,,
H000009,131,,,,
H000009,132,,,,
H000009,133,,,,
H000009,134,,,,
H000009,135,,,,
H000009,136,,,,
H000009,137,,,,
H000009,138,,,,
H000009,139,,,,
H000009,140,,,,
H000009,141,,,,
H000009,142,,,,
H000009,143,,,,
H000009,144,,,,
H000009,145,,,,
H000009,146,,,,
H000009,147,,,,
H000009,148,,,,
H000009,149,,,,
H000009,150,,,,
H000009,151,,,,
H000009,152,,,,
H000009,153,,,,
H000009,154,,,,
H000009,155,,,,
H000009,156,,,,
H000009,157,,,,
H000009,158,,,,
H000009,159,,,,
H000009,160,,,,
H000009,161,,,,
H000009,162,,,,
H000009,163,,,,
H000009,164,,,,
H000009,165,,,,
H000009,166,,,,
H000009,167,,,,
H000009,168,,,,
H000009,169,,,,
H000009,170,,,,
H000009,171,,,,
H000009,172,,,,
H000009,173,,,,
H000009,174,,,,
H000009,175,,,,
H000009,176,,,,
H000009,177,,,,
H000009,178,,,,
H000009,179,,,,
H000010,0,,,,
H000010,1,,,,
H000010,2,,,,
H000010,3,,,,
H000010,4,,,,
H000010,5,,,,
H000010,6,,,,
H000010,7,,,,
H000010,8,,,,
H000010,9,,,,
H000010,10,,,,
H000010,11,,,,
H000010,12,,,,
H000010,13,,,,
H000010,14,,,,
H000010,15,,,,
H000010,16,,,,
H000010,17,,,,
H000010,18,,,,
H000010,19,,,,
H000010,20,,,,
H000010,21,,,,
H000010,22,,,,
H000010,23,,,,
H000010,24,,,,
H000010,25,,,,
H000010,26,,,,
H000010,27,,,,
H000010,28,,,,
H000010,29,,,,
H000010,30,,,,
H000010,31,,,,
H000010,32,,,,
H000010,33,,,,
H000010,34,,,,
H000010,35,,,,
H000010,36,,,,
H000010,37,,,,
H000010,38,,,,
H000010,39,,,,
H000010,40,,,,
H000010,41,,,,
H000010,42,,,,
H000010,43,,,,
H000010,44,,,,
H000010,45,,,,
H000010,46,,,,
H000010,47,,,,
H000010,48,,,,
H000010,49,,,,
H000010,50,,,,
H000010,51,,,,
H000010,52,,,,
H000010,53,,,,
H000010,54,,,,
H000010,55,,,,
H000010,56,,,,
H000010,57,,,,
H000010,58,,,,
H000010,59,,,,
H000010,60,,,,
H000010,61,,,,
H000010,62,,,,
H000010,63,,,,
H000010,64,,,,
H000010,65,,,,
H000010,66,,,,
H000010,67,,,,
H000010,68,,,,
H000010,69,,,,
H000010,70,,,,
H000010,71,,,,
H000010,72,,,,
H000010,73,,,,
H000010,74,,,,
H000010,75,,,,
H000010,76,,,,
H000010,77,,,,
H000010,78,,,,
H000010,79,,,,
H000010,80,,,,
H000010,81,,,,
H000010,82,,,,
H000010,83,,,,
H000010,84,,,,
H000010,85,,,,
H000010,86,,,,
H000010,87,,,,
H000010,88,,,,
H000010,89,,,,
H000010,90,,,,
H000010,91,,,,
H000010,92,,,,
H000010,93,,,,
H000010,94,,,,
H000010,95,,,,
H000010,96,,,,
H000010,97,,,,
H000010,98,,,,
H000010,99,,,,
H000010,100,,,,
H000010,101,,,,
H000010,102,,,,
H000010,103,,,,
H000010,104,,,,
H000010,105,,,,
H000010,106,,,,
H000010,107,,,,
H000010,108,,,,
H000010,109,,,,
H000010,110,,,,
H000010,111,,,,
H000010,112,,,,
H000010,113,,,,
H000010,114,,,,
H000010,115,,,,
H000010,116,,,,
H000010,117,,,,
H000010,118,,,,
H000010,119,,,,
H000010,120,,,,
H000010,121,,,,
H000010,122,,,,
H000010,123,,,,
H000010,124,,,,
H000010,125,,,,
H000010,126,,,,
H000010,127,,,,
H000010,128,,,,
H000010,129,,,,
H000010,130,,,,
H000010,131,,,,
H000010,132,,,,
H000010,133,,,,
H000010,134,,,,
H000010,135,,,,
H000010,136,,,,
H000010,137,,,,
H000010,138,,,,
H000010,139,,,,
H000010,140,,,,
H000010,141,,,,
H000010,142,,,,
H000010,143,,,,
H000010,144,,,,
H000010,145,,,,
H000010,146,,,,
H000010,147,,,,
H000010,148,,,,
H000010,149,,,,
H000010,150,,,,
H000010,151,,,,
H000010,152,,,,
H000010,153,,,,
H000010,154,,,,
H000010,155,,,,
H000010,156,,,,
H000010,157,,,,
H000010,158,,,,
H000010,159,,,,
H000010,160,,,,
H000010,161,,,,
H000010,162,,,,
H000010,163,,,,
H000010,164,,,,
H000010,165,,,,
H000010,166,,,,
H000010,167,,,,
H000010,168,,,,
H000010,169,,,,
H000010,170,,,,
H000010,171,,,,
H000010,172,,,,
H000010,173,,,,
H000010,174,,,,
H000010,175,,,,
H000010,176,,,,
H000010,177,,,,
H000010,178,,,,
H000010,179,,,,
H000011,0,,,,
H000011,1,,,,
H000011,2,,,,
H000011,3,,,,
H000011,4,,,,
H000011,5,,,,
H000011,6,,,,
H000011,7,,,,
H000011,8,,,,
H000011,9,,,,
H000011,10,,,,
H000011,11,,,,
H000011,12,,,,
H000011,13,,,,
H000011,14,,,,
H000011,15,,,,
H000011,16,,,,
H000011,17,,,,
H000011,18,,,,
H000011,19,,,,
H000011,20,,,,
H000011,21,,,,
H000011,22,,,,
H000011,23,,,,
H000011,24,,,,
H000011,25,,,,
H000011,26,,,,
H000011,27,,,,
H000011,28,,,,
H000011,29,,,,
H000011,30,,,,
H000011,31,,,,
H000011,32,,,,
H000011,33,,,,
H000011,34,,,,
H000011,35,,,,
H000011,36,,,,
H000011,37,,,,
H000011,38,,,,
H000011,39,,,,
H000011,40,,,,
H000011,41,,,,
H000011,42,,,,
H000011,43,,,,
H000011,44,,,,
H000011,45,,,,
H000011,46,,,,
H000011,47,,,,
H000011,48,,,,
H000011,49,,,,
H000011,50,,,,
H000011,51,,,,
H000011,52,,,,
H000011,53,,,,
H000011,54,,,,
H000011,55,,,,
H000011,56,,,,
H000011,57,,,,
H000011,58,,,,
H000011,59,,,,
H000011,60,,,,
H000011,61,,,,
H000011,62,,,,
H000011,63,,,,
H000011,64,,,,
H000011,65,,,,
H000011,66,,,,
H000011,67,,,,
H000011,68,,,,
H000011,69,,,,
H000011,70,,,,
H000011,71,,,,
H000011,72,,,,
H000011,73,,,,
H000011,74,,,,
H000011,75,,,,
H000011,76,,,,
H000011,77,,,,
H000011,78,,,,
H000011,79,,,,
H000011,80,,,,
H000011,81,,,,
H000011,82,,,,
H000011,83,,,,
H000011,84,,,,
H000011,85,,,,
H000011,86,,,,
H000011,87,,,,
H000011,88,,,,
H000011,89,,,,
H000011,90,,,,
H000011,91,,,,
H000011,92,,,,
H000011,93,,,,
H000011,94,,,,
H000011,95,,,,
H000011,96,,,,
H000011,97,,,,
H000011,98,,,,
H000011,99,,,,
H000011,100,,,,
H000011,101,,,,
H000011,102,,,,
H000011,103,,,,
H000011,104,,,,
H000011,105,,,,
H000011,106,,,,
H000011,107,,,,
H000011,108,,,,
H000011,109,,,,
H000011,110,,,,
H000011,111,,,,
H000011,112,,,,
H000011,113,,,,
H000011,114,,,,
H000011,115,,,,
H000011,116,,,,
H000011,117,,,,
H000011,118,,,,
H000011,119,,,,
H000011,120,,,,
H000011,121,,,,
H000011,122,,,,
H000011,123,,,,
H000011,124,,,,
H000011,125,,,,
H000011,126,,,,
H000011,127,,,,
H000011,128,,,,
H000011,129,,,,
H000011,130,,,,
H000011,131,,,,
H000011,132,,,,
H000011,133,,,,
H000011,134,,,,
H000011,135,,,,
H000011,136,,,,
H000011,137,,,,
H000011,138,,,,
H000011,139,,,,
H000011,140,,,,
H000011,141,,,,
H000011,142,,,,
H000011,143,,,,
H000011,144,,,,
H000011,145,,,,
H000011,146,,,,
H000011,147,,,,
H000011,148,,,,
H000011,149,,,,
H000011,150,,,,
H000011,151,,,,
H000011,152,,,,
H000011,153,,,,
H000011,154,,,,
H000011,155,,,,
H000011,156,,,,
H000011,157,,,,
H000011,158,,,,
H000011,159,,,,
H000011,160,,,,
H000011,161,,,,
H000011,162,,,,
H000011,163,,,,
H000011,164,,,,
H000011,165,,,,
H000011,166,,,,
H000011,167,,,,
H000011,168,,,,
H000011,169,,,,
H000011,170,,,,
H000011,171,,,,
H000011,172,,,,
H000011,173,,,,
H000011,174,,,,
H000011,175,,,,
H000011,176,,,,
H000011,177,,,,
H000011,178,,,,
H000011,179,,,,
H000012,0,,,,
H000012,1,,,,
H000012,2,,,,
H000012,3,,,,
H000012,4,,,,
H000012,5,,,,
H000012,6,,,,
H000012,7,,,,
H000012,8,,,,
H000012,9,,,,
H000012,10,,,,
H000012,11,,,,
H000012,12,,,,
H000012,13,,,,
H000012,14,,,,
H000012,15,,,,
H000012,16,,,,
H000012,17,,,,
H000012,18,,,,
H000012,19,,,,
H000012,20,,,,
H000012,21,,,,
H000012,22,,,,
H000012,23,,,,
H000012,24,,,,
H000012,25,,,,
H000012,26,,,,
H000012,27,,,,
H000012,28,,,,
H000012,29,,,,
H000012,30,,,,
H000012,31,,,,
H000012,32,,,,
H000012,33,,,,
H000012,34,,,,
H000012,35,,,,
H000012,36,,,,
H000012,37,,,,
H000012,38,,,,
H000012,39,,,,
H000012,40,,,,
H000012,41,,,,
H000012,42,,,,
H000012,43,,,,
H000012,44,,,,
H000012,45,,,,
H000012,46,,,,
H000012,47,,,,
H000012,48,,,,
H000012,49,,,,
H000012,50,,,,
H000012,51,,,,
H000012,52,,,,
H000012,53,,,,
H000012,54,,,,
H000012,55,,,,
H000012,56,,,,
H000012,57,,,,
H000012,58,,,,
H000012,59,,,,
H000012,60,,,,
H000012,61,,,,
H000012,62,,,,
H000012,63,,,,
H000012,64,,,,
H000012,65,,,,
H000012,66,,,,
H000012,67,,,,
H000012,68,,,,
H000012,69,,,,
H000012,70,,,,
H000012,71,,,,
H000012,72,,,,
H000012,73,,,,
H000012,74,,,,
H000012,75,,,,
H000012,76,,,,
H000012,77,,,,
H000012,78,,,,
H000012,79,,,,
H000012,80,,,,
H000012,81,,,,
H000012,82,,,,
H000012,83,,,,
H000012,84,,,,
H000012,85,,,,
H000012,86,,,,
H000012,87,,,,
H000012,88,,,,
H000012,89,,,,
H000012,90,,,,
H000012,91,,,,
H000012,92,,,,
H000012,93,,,,
H000012,94,,,,
H000012,95,,,,
H000012,96,,,,
H000012,97,,,,
H000012,98,,,,
H000012,99,,,,
H000012,100,,,,
H000012,101,,,,
H000012,102,,,,
H000012,103,,,,
H000012,104,,,,
H000012,105,,,,
H000012,106,,,,
H000012,107,,,,
H000012,108,,,,
H000012,109,,,,
H000012,110,,,,
H000012,111,,,,
H000012,112,,,,
H000012,113,,,,
H000012,114,,,,
H000012,115,,,,
H000012,116,,,,
H000012,117,,,,
H000012,118,,,,
H000012,119,,,,
H000012,120,,,,
H000012,121,,,,
H000012,122,,,,
H000012,123,,,,
H000012,124,,,,
H000012,125,,,,
H000012,126,,,,
H000012,127,,,,
H000012,128,,,,
H000012,129,,,,
H000012,130,,,,
H000012,131,,,,
H000012,132,,,,
H000012,133,,,,
H000012,134,,,,
H000012,135,,,,
H000012,136,,,,
H000012,137,,,,
H000012,138,,,,
H000012,139,,,,
H000012,140,,,,
H000012,141,,,,
H000012,142,,,,
H000012,143,,,,
H000012,144,,,,
H000012,145,,,,
H000012,146,,,,
H000012,147,,,,
H000012,148,,,,
H000012,149,,,,
H000012,150,,,,
H000012,151,,,,
H000012,152,,,,
H000012,153,,,,
H000012,154,,,,
H000012,155,,,,
H000012,156,,,,
H000012,157,,,,
H000012,158,,,,
H000012,159,,,,
H000012,160,,,,
H000012,161,,,,
H000012,162,,,,
H000012,163,,,,
H000012,164,,,,
H000012,165,,,,
H000012,166,,,,
H000012,167,,,,
H000012,168,,,,
H000012,169,,,,
H000012,170,,,,
H000012,171,,,,
H000012,172,,,,
H000012,173,,,,
H000012,174,,,,
H000012,175,,,,
H000012,176,,,,
H000012,177,,,,
H000012,178,,,,
H000012,179,,,,
H000013,0,,,,
H000013,1,,,,
H000013,2,,,,
H000013,3,,,,
H000013,4,,,,
H000013,5,,,,
H000013,6,,,,
H000013,7,,,,
H000013,8,,,,
H000013,9,,,,
H000013,10,,,,
H000013,11,,,,
H000013,12,,,,
H000013,13,,,,
H000013,14,,,,
H000013,15,,,,
H000013,16,,,,
H000013,17,,,,
H000013,18,,,,
H000013,19,,,,
H000013,20,,,,
H000013,21,,,,
H000013,22,,,,
H000013,23,,,,
H000013,24,,,,
H000013,25,,,,
H000013,26,,,,
H000013,27,,,,
H000013,28,,,,
H000013,29,,,,
H000013,30,,,,
H000013,31,,,,
H000013,32,,,,
H000013,33,,,,
H000013,34,,,,
H000013,35,,,,
H000013,36,,,,
H000013,37,,,,
H000013,38,,,,
H000013,39,,,,
H000013,40,,,,
H000013,41,,,,
H000013,42,,,,
H000013,43,,,,
H000013,44,,,,
H000013,45,,,,
H000013,46,,,,
H000013,47,,,,
H000013,48,,,,
H000013,49,,,,
H000013,50,,,,
H000013,51,,,,
H000013,52,,,,
H000013,53,,,,
H000013,54,,,,
H000013,55,,,,
H000013,56,,,,
H000013,57,,,,
H000013,58,,,,
H000013,59,,,,
H000013,60,,,,
H000013,61,,,,
H000013,62,,,,
H000013,63,,,,
H000013,64,,,,
H000013,65,,,,
H000013,66,,,,
H000013,67,,,,
H000013,68,,,,
H000013,69,,,,
H000013,70,,,,
H000013,71,,,,
H000013,72,,,,
H000013,73,,,,
H000013,74,,,,
H000013,75,,,,
H000013,76,,,,
H000013,77,,,,
H000013,78,,,,
H000013,79,,,,
H000013,80,,,,
H000013,81,,,,
H000013,82,,,,
H000013,83,,,,
H000013,84,,,,
H000013,85,,,,
H000013,86,,,,
H000013,87,,,,
H000013,88,,,,
H000013,89,,,,
H000013,90,,,,
H000013,91,,,,
H000013,92,,,,
H000013,93,,,,
H000013,94,,,,
H000013,95,,,,
H000013,96,,,,
H000013,97,,,,
H000013,98,,,,
H000013,99,,,,
H000013,100,,,,
H000013,101,,,,
H000013,102,,,,
H000013,103,,,,
H000013,104,,,,
H000013,105,,,,
H000013,106,,,,
H000013,107,,,,
H000013,108,,,,
H000013,109,,,,
H000013,110,,,,
H000013,111,,,,
H000013,112,,,,
H000013,113,,,,
H000013,114,,,,
H000013,115,,,,
H000013,116,,,,
H000013,117,,,,
H000013,118,,,,
H000013,119,,,,
H000013,120,,,,
H000013,121,,,,
H000013,122,,,,
H000013,123,,,,
H000013,124,,,,
H000013,125,,,,
H000013,126,,,,
H000013,127,,,,
H000013,128,,,,
H000013,129,,,,
H000013,130,,,,
H000013,131,,,,
H000013,132,,,,
H000013,133,,,,
H000013,134,,,,
H000013,135,,,,
H000013,136,,,,
H000013,137,,,,
H000013,138,,,,
H000013,139,,,,
H000013,140,,,,
H000013,141,,,,
H000013,142,,,,
H000013,143,,,,
H000013,144,,,,
H000013,145,,,,
H000013,146,,,,
H000013,147,,,,
H000013,148,,,,
H000013,149,,,,
H000013,150,,,,
H000013,151,,,,
H000013,152,,,,
H000013,153,,,,
H000013,154,,,,
H000013,155,,,,
H000013,156,,,,
H000013,157,,,,
H000013,158,,,,
H000013,159,,,,
H000013,160,,,,
H000013,161,,,,
H000013,162,,,,
H000013,163,,,,
H000013,164,,,,
H000013,165,,,,
H000013,166,,,,
H000013,167,,,,
H000013,168,,,,
H000013,169,,,,
H000013,170,,,,
H000013,171,,,,
H000013,172,,,,
H000013,173,,,,
H000013,174,,,,
H000013,175,,,,
H000013,176,,,,
H000013,177,,,,
H000013,178,,,,
H000013,179,,,,
H000014,0,,,,
H000014,1,,,,
H000014,2,,,,
H000014,3,,,,
H000014,4,,,,
H000014,5,,,,
H000014,6,,,,
H000014,7,,,,
H000014,8,,,,
H000014,9,,,,
H000014,10,,,,
H000014,11,,,,
H000014,12,,,,
H000014,13,,,,
H000014,14,,,,
H000014,15,,,,
H000014,16,,,,
H000014,17,,,,
H000014,18,,,,
H000014,19,,,,
H000014,20,,,,
H000014,21,,,,
H000014,22,,,,
H000014,23,,,,
H000014,24,,,,
H000014,25,,,,
H000014,26,,,,
H000014,27,,,,
H000014,28,,,,
H000014,29,,,,
H000014,30,,,,
H000014,31,,,,
H000014,32,,,,
H000014,33,,,,
H000014,34,,,,
H000014,35,,,,
H000014,36,,,,
H000014,37,,,,
H000014,38,,,,
H000014,39,,,,
H000014,40,,,,
H000014,41,,,,
H000014,42,,,,
H000014,43,,,,
H000014,44,,,,
H000014,45,,,,
H000014,46,,,,
H000014,47,,,,
H000014,48,,,,
H000014,49,,,,
H000014,50,,,,
H000014,51,,,,
H000014,52,,,,
H000014,53,,,,
H000014,54,,,,
H000014,55,,,,
H000014,56,,,,
H000014,57,,,,
H000014,58,,,,
H000014,59,,,,
H000014,60,,,,
H000014,61,,,,
H000014,62,,,,
H000014,63,,,,
H000014,64,,,,
H000014,65,,,,
H000014,66,,,,
H000014,67,,,,
H000014,68,,,,
H000014,69,,,,
H000014,70,,,,
H000014,71,,,,
H000014,72,,,,
H000014,73,,,,
H000014,74,,,,
H000014,75,,,,
H000014,76,,,,
H000014,77,,,,
H000014,78,,,,
H000014,79,,,,
H000014,80,,,,
H000014,81,,,,
H000014,82,,,,
H000014,83,,,,
H000014,84,,,,
H000014,85,,,,
H000014,86,,,,
H000014,87,,,,
H000014,88,,,,
H000014,89,,,,
H000014,90,,,,
H000014,91,,,,
H000014,92,,,,
H000014,93,,,,
H000014,94,,,,
H000014,95,,,,
H000014,96,,,,
H000014,97,,,,
H000014,98,,,,
H000014,99,,,,
H000014,100,,,,
H000014,101,,,,
H000014,102,,,,
H000014,103,,,,
H000014,104,,,,
H000014,105,,,,
H000014,106,,,,
H000014,107,,,,
H000014,108,,,,
H000014,109,,,,
H000014,110,,,,
H000014,111,,,,
H000014,112,,,,
H000014,113,,,,
H000014,114,,,,
H000014,115,,,,
H000014,116,,,,
H000014,117,,,,
H000014,118,,,,
H000014,119,,,,
H000014,120,,,,
H000014,121,,,,
H000014,122,,,,
H000014,123,,,,
H000014,124,,,,
H000014,125,,,,
H000014,126,,,,
H000014,127,,,,
H000014,128,,,,
H000014,129,,,,
H000014,130,,,,
H000014,131,,,,
H000014,132,,,,
H000014,133,,,,
H000014,134,,,,
H000014,135,,,,
H000014,136,,,,
H000014,137,,,,
H000014,138,,,,
H000014,139,,,,
H000014,140,,,,
H000014,141,,,,
H000014,142,,,,
H000014,143,,,,
H000014,144,,,,
H000014,145,,,,
H000014,146,,,,
H000014,147,,,,
H000014,148,,,,
H000014,149,,,,
H000014,150,,,,
H000014,151,,,,
H000014,152,,,,
H000014,153,,,,
H000014,154,,,,
H000014,155,,,,
H000014,156,,,,
H000014,157,,,,
H000014,158,,,,
H000014,159,,,,
H000014,160,,,,
H000014,161,,,,
H000014,162,,,,
H000014,163,,,,
H000014,164,,,,
H000014,165,,,,
H000014,166,,,,
H000014,167,,,,
H000014,168,,,,
H000014,169,,,,
H000014,170,,,,
H000014,171,,,,
H000014,172,,,,
H000014,173,,,,
H000014,174,,,,
H000014,175,,,,
H000014,176,,,,
H000014,177,,,,
H000014,178,,,,
H000014,179,,,,
H000015,0,,,,
H000015,1,,,,
H000015,2,,,,
H000015,3,,,,
H000015,4,,,,
H000015,5,,,,
H000015,6,,,,
H000015,7,,,,
H000015,8,,,,
H000015,9,,,,
H000015,10,,,,
H000015,11,,,,
H000015,12,,,,
H000015,13,,,,
H000015,14,,,,
H000015,15,,,,
H000015,16,,,,
H000015,17,,,,
H000015,18,,,,
H000015,19,,,,
H000015,20,,,,
H000015,21,,,,
H000015,22,,,,
H000015,23,,,,
H000015,24,,,,
H000015,25,,,,
H000015,26,,,,
H000015,27,,,,
H000015,28,,,,
H000015,29,,,,
H000015,30,,,,
H000015,31,,,,
H000015,32,,,,
H000015,33,,,,
H000015,34,,,,
H000015,35,,,,
H000015,36,,,,
H000015,37,,,,
H000015,38,,,,
H000015,39,,,,
H000015,40,,,,
H000015,41,,,,
H000015,42,,,,
H000015,43,,,,
H000015,44,,,,
H000015,45,,,,
H000015,46,,,,
H000015,47,,,,
H000015,48,,,,
H000015,49,,,,
H000015,50,,,,
H000015,51,,,,
H000015,52,,,,
H000015,53,,,,
H000015,54,,,,
H000015,55,,,,
H000015,56,,,,
H000015,57,,,,
H000015,58,,,,
H000015,59,,,,
H000015,60,,,,
H000015,61,,,,
H000015,62,,,,
H000015,63,,,,
H000015,64,,,,
H000015,65,,,,
H000015,66,,,,
H000015,67,,,,
H000015,68,,,,
H000015,69,,,,
H000015,70,,,,
H000015,71,,,,
H000015,72,,,,
H000015,73,,,,
H000015,74,,,,
H000015,75,,,,
H000015,76,,,,
H000015,77,,,,
H000015,78,,,,
H000015,79,,,,
H000015,80,,,,
H000015,81,,,,
H000015,82,,,,
H000015,83,,,,
H000015,84,,,,
H000015,85,,,,
H000015,86,,,,
H000015,87,,,,
H000015,88,,,,
H000015,89,,,,
H000015,90,,,,
H000015,91,,,,
H000015,92,,,,
H000015,93,,,,
H000015,94,,,,
H000015,95,,,,
H000015,96,,,,
H000015,97,,,,
H000015,98,,,,
H000015,99,,,,
H000015,100,,,,
H000015,101,,,,
H000015,102,,,,
H000015,103,,,,
H000015,104,,,,
H000015,105,,,,
H000015,106,,,,
H000015,107,,,,
H000015,108,,,,
H000015,109,,,,
H000015,110,,,,
H000015,111,,,,
H000015,112,,,,
H000015,113,,,,
H000015,114,,,,
H000015,115,,,,
H000015,116,,,,
H000015,117,,,,
H000015,118,,,,
H000015,119,,,,
H000015,120,,,,
H000015,121,,,,
H000015,122,,,,
H000015,123,,,,
H000015,124,,,,
H000015,125,,,,
H000015,126,,,,
H000015,127,,,,
H000015,128,,,,
H000015,129,,,,
H000015,130,,,,
H000015,131,,,,
H000015,132,,,,
H000015,133,,,,
H000015,134,,,,
H000015,135,,,,
H000015,136,,,,
H000015,137,,,,
H000015,138,,,,
H000015,139,,,,
H000015,140,,,,
H000015,141,,,,
H000015,142,,,,
H000015,143,,,,
H000015,144,,,,
H000015,145,,,,
H000015,146,,,,
H000015,147,,,,
H000015,148,,,,
H000015,149,,,,
H000015,150,,,,
H000015,151,,,,
H000015,152,,,,
H000015,153,,,,
H000015,154,,,,
H000015,155,,,,
H000015,156,,,,
H000015,157,,,,
H000015,158,,,,
H000015,159,,,,
H000015,160,,,,
H000015,161,,,,
H000015,162,,,,
H000015,163,,,,
H000015,164,,,,
H000015,165,,,,
H000015,166,,,,
H000015,167,,,,
H000015,168,,,,
H000015,169,,,,
H000015,170,,,,
H000015,171,,,,
H000015,172,,,,
H000015,173,,,,
H000015,174,,,,
H000015,175,,,,
H000015,176,,,,
H000015,177,,,,
H000015,178,,,,
H000015,179,,,,
H000016,0,,,,
H000016,1,,,,
H000016,2,,,,
H000016,3,,,,
H000016,4,,,,
H000016,5,,,,
H000016,6,,,,
H000016,7,,,,
H000016,8,,,,
H000016,9,,,,
H000016,10,,,,
H000016,11,,,,
H000016,12,,,,
H000016,13,,,,
H000016,14,,,,
H000016,15,,,,
H000016,16,,,,
H000016,17,,,,
H000016,18,,,,
H000016,19,,,,
H000016,20,,,,
H000016,21,,,,
H000016,22,,,,
H000016,23,,,,
H000016,24,,,,
H000016,25,,,,
H000016,26,,,,
H000016,27,,,,
H000016,28,,,,
H000016,29,,,,
H000016,30,,,,
H000016,31,,,,
H000016,32,,,,
H000016,33,,,,
H000016,34,,,,
H000016,35,,,,
H000016,36,,,,
H000016,37,,,,
H000016,38,,,,
H000016,39,,,,
H000016,40,,,,
H000016,41,,,,
H000016,42,,,,
H000016,43,,,,
H000016,44,,,,
H000016,45,,,,
H000016,46,,,,
H000016,47,,,,
H000016,48,,,,
H000016,49,,,,
H000016,50,,,,
H000016,51,,,,
H000016,52,,,,
H000016,53,,,,
H000016,54,,,,
H000016,55,,,,
H000016,56,,,,
H000016,57,,,,
H000016,58,,,,
H000016,59,,,,
H000016,60,,,,
H000016,61,,,,
H000016,62,,,,
H000016,63,,,,
H000016,64,,,,
H000016,65,,,,
H000016,66,,,,
H000016,67,,,,
H000016,68,,,,
H000016,69,,,,
H000016,70,,,,
H000016,71,,,,
H000016,72,,,,
H000016,73,,,,
H000016,74,,,,
H000016,75,,,,
H000016,76,,,,
H000016,77,,,,
H000016,78,,,,
H000016,79,,,,
H000016,80,,,,
H000016,81,,,,
H000016,82,,,,
H000016,83,,,,
H000016,84,,,,
H000016,85,,,,
H000016,86,,,,
H000016,87,,,,
H000016,88,,,,
H000016,89,,,,
H000016,90,,,,
H000016,91,,,,
H000016,92,,,,
H000016,93,,,,
H000016,94,,,,
H000016,95,,,,
H000016,96,,,,
H000016,97,,,,
H000016,98,,,,
H000016,99,,,,
H000016,100,,,,
H000016,101,,,,
H000016,102,,,,
H000016,103,,,,
H000016,104,,,,
H000016,105,,,,
H000016,106,,,,
H000016,107,,,,
H000016,108,,,,
H000016,109,,,,
H000016,110,,,,
H000016,111,,,,
H000016,112,,,,
H000016,113,,,,
H000016,114,,,,
H000016,115,,,,
H000016,116,,,,
H000016,117,,,,
H000016,118,,,,
H000016,119,,,,
H000016,120,,,,
H000016,121,,,,
H000016,122,,,,
H000016,123,,,,
H000016,124,,,,
H000016,125,,,,
H000016,126,,,,
H000016,127,,,,
H000016,128,,,,
H000016,129,,,,
H000016,130,,,,
H000016,131,,,,
H000016,132,,,,
H000016,133,,,,
H000016,134,,,,
H000016,135,,,,
H000016,136,,,,
H000016,137,,,,
H000016,138,,,,
H000016,139,,,,
H000016,140,,,,
H000016,141,,,,
H000016,142,,,,
H000016,143,,,,
H000016,144,,,,
H000016,145,,,,
H000016,146,,,,
H000016,147,,,,
H000016,148,,,,
H000016,149,,,,
H000016,150,,,,
H000016,151,,,,
H000016,152,,,,
H000016,153,,,,
H000016,154,,,,
H000016,155,,,,
H000016,156,,,,
H000016,157,,,,
H000016,158,,,,
H000016,159,,,,
H000016,160,,,,
H000016,161,,,,
H000016,162,,,,
H000016,163,,,,
H000016,164,,,,
H000016,165,,,,
H000016,166,,,,
H000016,167,,,,
H000016,168,,,,
H000016,169,,,,
H000016,170,,,,
H000016,171,,,,
H000016,172,,,,
H000016,173,,,,
H000016,174,,,,
H000016,175,,,,
H000016,176,,,,
H000016,177,,,,
H000016,178,,,,
H000016,179,,,,
H000017,0,,,,
H000017,1,,,,
H000017,2,,,,
H000017,3,,,,
H000017,4,,,,
H000017,5,,,,
H000017,6,,,,
H000017,7,,,,
H000017,8,,,,
H000017,9,,,,
H000017,10,,,,
H000017,11,,,,
H000017,12,,,,
H000017,13,,,,
H000017,14,,,,
H000017,15,,,,
H000017,16,,,,
H000017,17,,,,
H000017,18,,,,
H000017,19,,,,
H000017,20,,,,
H000017,21,,,,
H000017,22,,,,
H000017,23,,,,
H000017,24,,,,
H000017,25,,,,
H000017,26,,,,
H000017,27,,,,
H000017,28,,,,
H000017,29,,,,
H000017,30,,,,
H000017,31,,,,
H000017,32,,,,
H000017,33,,,,
H000017,34,,,,
H000017,35,,,,
H000017,36,,,,
H000017,37,,,,
H000017,38,,,,
H000017,39,,,,
H000017,40,,,,
H000017,41,,,,
H000017,42,,,,
H000017,43,,,,
H000017,44,,,,
H000017,45,,,,
H000017,46,,,,
H000017,47,,,,
H000017,48,,,,
H000017,49,,,,
H000017,50,,,,
H000017,51,,,,
H000017,52,,,,
H000017,53,,,,
H000017,54,,,,
H000017,55,,,,
H000017,56,,,,
H000017,57,,,,
H000017,58,,,,
H000017,59,,,,
H000017,60,,,,
H000017,61,,,,
H000017,62,,,,
H000017,63,,,,
H000017,64,,,,
H000017,65,,,,
H000017,66,,,,
H000017,67,,,,
H000017,68,,,,
H000017,69,,,,
H000017,70,,,,
H000017,71,,,,
H000017,72,,,,
H000017,73,,,,
H000017,74,,,,
H000017,75,,,,
H000017,76,,,,
H000017,77,,,,
H000017,78,,,,
H000017,79,,,,
H000017,80,,,,
H000017,81,,,,
H000017,82,,,,
H000017,83,,,,
H000017,84,,,,
H000017,85,,,,
H000017,86,,,,
H000017,87,,,,
H000017,88,,,,
H000017,89,,,,
H000017,90,,,,
H000017,91,,,,
H000017,92,,,,
H000017,93,,,,
H000017,94,,,,
H000017,95,,,,
H000017,96,,,,
H000017,97,,,,
H000017,98,,,,
H000017,99,,,,
H000017,100,,,,
H000017,101,,,,
H000017,102,,,,
H000017,103,,,,
H000017,104,,,,
H000017,105,,,,
H000017,106,,,,
H000017,107,,,,
H000017,108,,,,
H000017,109,,,,
H000017,110,,,,
H000017,111,,,,
H000017,112,,,,
H000017,113,,,,
H000017,114,,,,
H000017,115,,,,
H000017,116,,,,
H000017,117,,,,
H000017,118,,,,
H000017,119,,,,
H000017,120,,,,
H000017,121,,,,
H000017,122,,,,
H000017,123,,,,
H000017,124,,,,
H000017,125,,,,
H000017,126,,,,
H000017,127,,,,
H000017,128,,,,
H000017,129,,,,
H000017,130,,,,
H000017,131,,,,
H000017,132,,,,
H000017,133,,,,
H000017,134,,,,
H000017,135,,,,
H000017,136,,,,
H000017,137,,,,
H000017,138,,,,
H000017,139,,,,
H000017,140,,,,
H000017,141,,,,
H000017,142,,,,
H000017,143,,,,
H000017,144,,,,
H000017,145,,,,
H000017,146,,,,
H000017,147,,,,
H000017,148,,,,
H000017,149,,,,
H000017,150,,,,
H000017,151,,,,
H000017,152,,,,
H000017,153,,,,
H000017,154,,,,
H000017,155,,,,
H000017,156,,,,
H000017,157,,,,
H000017,158,,,,
H000017,159,,,,
H000017,160,,,,
H000017,161,,,,
H000017,162,,,,
H000017,163,,,,
H000017,164,,,,
H000017,165,,,,
H000017,166,,,,
H000017,167,,,,
H000017,168,,,,
H000017,169,,,,
H000017,170,,,,
H000017,171,,,,
H000017,172,,,,
H000017,173,,,,
H000017,174,,,,
H000017,175,,,,
H000017,176,,,,
H000017,177,,,,
H000017,178,,,,
H000017,179,,,,
H000018,0,,,,
H000018,1,,,,
H000018,2,,,,
H000018,3,,,,
H000018,4,,,,
H000018,5,,,,
H000018,6,,,,
H000018,7,,,,
H000018,8,,,,
H000018,9,,,,
H000018,10,,,,
H000018,11,,,,
H000018,12,,,,
H000018,13,,,,
H000018,14,,,,
H000018,15,,,,
H000018,16,,,,
H000018,17,,,,
H000018,18,,,,
H000018,19,,,,
H000018,20,,,,
H000018,21,,,,
H000018,22,,,,
H000018,23,,,,
H000018,24,,,,
H000018,25,,,,
H000018,26,,,,
H000018,27,,,,
H000018,28,,,,
H000018,29,,,,
H000018,30,,,,
H000018,31,,,,
H000018,32,,,,
H000018,33,,,,
H000018,34,,,,
H000018,35,,,,
H000018,36,,,,
H000018,37,,,,
H000018,38,,,,
H000018,39,,,,
H000018,40,,,,
H000018,41,,,,
H000018,42,,,,
H000018,43,,,,
H000018,44,,,,
H000018,45,,,,
H000018,46,,,,
H000018,47,,,,
H000018,48,,,,
H000018,49,,,,
H000018,50,,,,
H000018,51,,,,
H000018,52,,,,
H000018,53,,,,
H000018,54,,,,
H000018,55,,,,
H000018,56,,,,
H000018,57,,,,
H000018,58,,,,
H000018,59,,,,
H000018,60,,,,
H000018,61,,,,
H000018,62,,,,
H000018,63,,,,
H000018,64,,,,
H000018,65,,,,
H000018,66,,,,
H000018,67,,,,
H000018,68,,,,
H000018,69,,,,
H000018,70,,,,
H000018,71,,,,
H000018,72,,,,
H000018,73,,,,
H000018,74,,,,
H000018,75,,,,
H000018,76,,,,
H000018,77,,,,
H000018,78,,,,
H000018,79,,,,
H000018,80,,,,
H000018,81,,,,
H000018,82,,,,
H000018,83,,,,
H000018,84,,,,
H000018,85,,,,
H000018,86,,,,
H000018,87,,,,
H000018,88,,,,
H000018,89,,,,
H000018,90,,,,
H000018,91,,,,
H000018,92,,,,
H000018,93,,,,
H000018,94,,,,
H000018,95,,,,
H000018,96,,,,
H000018,97,,,,
H000018,98,,,,
H000018,99,,,,
H000018,100,,,,
H000018,101,,,,
H000018,102,,,,
H000018,103,,,,
H000018,104,,,,
H000018,105,,,,
H000018,106,,,,
H000018,107,,,,
H000018,108,,,,
H000018,109,,,,
H000018,110,,,,
H000018,111,,,,
H000018,112,,,,
H000018,113,,,,
H000018,114,,,,
H000018,115,,,,
H000018,116,,,,
H000018,117,,,,
H000018,118,,,,
H000018,119,,,,
H000018,120,,,,
H000018,121,,,,
H000018,122,,,,
H000018,123,,,,
H000018,124,,,,
H000018,125,,,,
H000018,126,,,,
H000018,127,,,,
H000018,128,,,,
H000018,129,,,,
H000018,130,,,,
H000018,131,,,,
H000018,132,,,,
H000018,133,,,,
H000018,134,,,,
H000018,135,,,,
H000018,136,,,,
H000018,137,,,,
H000018,138,,,,
H000018,139,,,,
H000018,140,,,,
H000018,141,,,,
H000018,142,,,,
H000018,143,,,,
H000018,144,,,,
H000018,145,,,,
H000018,146,,,,
H000018,147,,,,
H000018,148,,,,
H000018,149,,,,
H000018,150,,,,
H000018,151,,,,
H000018,152,,,,
H000018,153,,,,
H000018,154,,,,
H000018,155,,,,
H000018,156,,,,
H000018,157,,,,
H000018,158,,,,
H000018,159,,,,
H000018,160,,,,
H000018,161,,,,
H000018,162,,,,
H000018,163,,,,
H000018,164,,,,
H000018,165,,,,
H000018,166,,,,
H000018,167,,,,
H000018,168,,,,
H000018,169,,,,
H000018,170,,,,
H000018,171,,,,
H000018,172,,,,
H000018,173,,,,
H000018,174,,,,
H000018,175,,,,
H000018,176,,,,
H000018,177,,,,
H000018,178,,,,
H000018,179,,,,
H000019,0,,,,
H000019,1,,,,
H000019,2,,,,
H000019,3,,,,
H000019,4,,,,
H000019,5,,,,
H000019,6,,,,
H000019,7,,,,
H000019,8,,,,
H000019,9,,,,
H000019,10,,,,
H000019,11,,,,
H000019,12,,,,
H000019,13,,,,
H000019,14,,,,
H000019,15,,,,
H000019,16,,,,
H000019,17,,,,
H000019,18,,,,
H000019,19,,,,
H000019,20,,,,
H000019,21,,,,
H000019,22,,,,
H000019,23,,,,
H000019,24,,,,
H000019,25,,,,
H000019,26,,,,
H000019,27,,,,
H000019,28,,,,
H000019,29,,,,
H000019,30,,,,
H000019,31,,,,
H000019,32,,,,
H000019,33,,,,
H000019,34,,,,
H000019,35,,,,
H000019,36,,,,
H000019,37,,,,
H000019,38,,,,
H000019,39,,,,
H000019,40,,,,
H000019,41,,,,
H000019,42,,,,
H000019,43,,,,
H000019,44,,,,
H000019,45,,,,
H000019,46,,,,
H000019,47,,,,
H000019,48,,,,
H000019,49,,,,
H000019,50,,,,
H000019,51,,,,
H000019,52,,,,
H000019,53,,,,
H000019,54,,,,
H000019,55,,,,
H000019,56,,,,
H000019,57,,,,
H000019,58,,,,
H000019,59,,,,
H000019,60,,,,
H000019,61,,,,
H000019,62,,,,
H000019,63,,,,
H000019,64,,,,
H000019,65,,,,
H000019,66,,,,
H000019,67,,,,
H000019,68,,,,
H000019,69,,,,
H000019,70,,,,
H000019,71,,,,
H000019,72,,,,
H000019,73,,,,
H000019,74,,,,
H000019,75,,,,
H000019,76,,,,
H000019,77,,,,
H000019,78,,,,
H000019,79,,,,
H000019,80,,,,
H000019,81,,,,
H000019,82,,,,
H000019,83,,,,
H000019,84,,,,
H000019,85,,,,
H000019,86,,,,
H000019,87,,,,
H000019,88,,,,
H000019,89,,,,
H000019,90,,,,
H000019,91,,,,
H000019,92,,,,
H000019,93,,,,
H000019,94,,,,
H000019,95,,,,
H000019,96,,,,
H000019,97,,,,
H000019,98,,,,
H000019,99,,,,
H000019,100,,,,
H000019,101,,,,
H000019,102,,,,
H000019,103,,,,
H000019,104,,,,
H000019,105,,,,
H000019,106,,,,
H000019,107,,,,
H000019,108,,,,
H000019,109,,,,
H000019,110,,,,
H000019,111,,,,
H000019,112,,,,
H000019,113,,,,
H000019,114,,,,
H000019,115,,,,
H000019,116,,,,
H000019,117,,,,
H000019,118,,,,
H000019,119,,,,
H000019,120,,,,
H000019,121,,,,
H000019,122,,,,
H000019,123,,,,
H000019,124,,,,
H000019,125,,,,
H000019,126,,,,
H000019,127,,,,
H000019,128,,,,
H000019,129,,,,
H000019,130,,,,
H000019,131,,,,
H000019,132,,,,
H000019,133,,,,
H000019,134,,,,
H000019,135,,,,
H000019,136,,,,
H000019,137,,,,
H000019,138,,,,
H000019,139,,,,
H000019,140,,,,
H000019,141,,,,
H000019,142,,,,
H000019,143,,,,
H000019,144,,,,
H000019,145,,,,
H000019,146,,,,
H000019,147,,,,
H000019,148,,,,
H000019,149,,,,
H000019,150,,,,
H000019,151,,,,
H000019,152,,,,
H000019,153,,,,
H000019,154,,,,
H000019,155,,,,
H000019,156,,,,
H000019,157,,,,
H000019,158,,,,
H000019,159,,,,
H000019,160,,,,
H000019,161,,,,
H000019,162,,,,
H000019,163,,,,
H000019,164,,,,
H000019,165,,,,
H000019,166,,,,
H000019,167,,,,
H000019,168,,,,
H000019,169,,,,
H000019,170,,,,
H000019,171,,,,
H000019,172,,,,
H000019,173,,,,
H000019,174,,,,
H000019,175,,,,
H000019,176,,,,
H000019,177,,,,
H000019,178,,,,
H000019,179,,,,
H000020,0,,,,
H000020,1,,,,
H000020,2,,,,
H000020,3,,,,
H000020,4,,,,
H000020,5,,,,
H000020,6,,,,
H000020,7,,,,
H000020,8,,,,
H000020,9,,,,
H000020,10,,,,
H000020,11,,,,
H000020,12,,,,
H000020,13,,,,
H000020,14,,,,
H000020,15,,,,
H000020,16,,,,
H000020,17,,,,
H000020,18,,,,
H000020,19,,,,
H000020,20,,,,
H000020,21,,,,
H000020,22,,,,
H000020,23,,,,
H000020,24,,,,
H000020,25,,,,
H000020,26,,,,
H000020,27,,,,
H000020,28,,,,
H000020,29,,,,
H000020,30,,,,
H000020,31,,,,
H000020,32,,,,
H000020,33,,,,
H000020,34,,,,
H000020,35,,,,
H000020,36,,,,
H000020,37,,,,
H000020,38,,,,
H000020,39,,,,
H000020,40,,,,
H000020,41,,,,
H000020,42,,,,
H000020,43,,,,
H000020,44,,,,
H000020,45,,,,
H000020,46,,,,
H000020,47,,,,
H000020,48,,,,
H000020,49,,,,
H000020,50,,,,
H000020,51,,,,
H000020,52,,,,
H000020,53,,,,
H000020,54,,,,
H000020,55,,,,
H000020,56,,,,
H000020,57,,,,
H000020,58,,,,
H000020,59,,,,
H000020,60,,,,
H000020,61,,,,
H000020,62,,,,
H000020,63,,,,
H000020,64,,,,
H000020,65,,,,
H000020,66,,,,
H000020,67,,,,
H000020,68,,,,
H000020,69,,,,
H000020,70,,,,
H000020,71,,,,
H000020,72,,,,
H000020,73,,,,
H000020,74,,,,
H000020,75,,,,
H000020,76,,,,
H000020,77,,,,
H000020,78,,,,
H000020,79,,,,
H000020,80,,,,
H000020,81,,,,
H000020,82,,,,
H000020,83,,,,
H000020,84,,,,
H000020,85,,,,
H000020,86,,,,
H000020,87,,,,
H000020,88,,,,
H000020,89,,,,
H000020,90,,,,
H000020,91,,,,
H000020,92,,,,
H000020,93,,,,
H000020,94,,,,
H000020,95,,,,
H000020,96,,,,
H000020,97,,,,
H000020,98,,,,
H000020,99,,,,
H000020,100,,,,
H000020,101,,,,
H000020,102,,,,
H000020,103,,,,
H000020,104,,,,
H000020,105,,,,
H000020,106,,,,
H000020,107,,,,
H000020,108,,,,
H000020,109,,,,
H000020,110,,,,
H000020,111,,,,
H000020,112,,,,
H000020,113,,,,
H000020,114,,,,
H000020,115,,,,
H000020,116,,,,
H000020,117,,,,
H000020,118,,,,
H000020,119,,,,
H000020,120,,,,
H000020,121,,,,
H000020,122,,,,
H000020,123,,,,
H000020,124,,,,
H000020,125,,,,
H000020,126,,,,
H000020,127,,,,
H000020,128,,,,
H000020,129,,,,
H000020,130,,,,
H000020,131,,,,
H000020,132,,,,
H000020,133,,,,
H000020,134,,,,
H000020,135,,,,
H000020,136,,,,
H000020,137,,,,
H000020,138,,,,
H000020,139,,,,
H000020,140,,,,
H000020,141,,,,
H000020,142,,,,
H000020,143,,,,
H000020,144,,,,
H000020,145,,,,
H000020,146,,,,
H000020,147,,,,
H000020,148,,,,
H000020,149,,,,
H000020,150,,,,
H000020,151,,,,
H000020,152,,,,
H000020,153,,,,
H000020,154,,,,
H000020,155,,,,
H000020,156,,,,
H000020,157,,,,
H000020,158,,,,
H000020,159,,,,
H000020,160,,,,
H000020,161,,,,
H000020,162,,,,
H000020,163,,,,
H000020,164,,,,
H000020,165,,,,
H000020,166,,,,
H000020,167,,,,
H000020,168,,,,
H000020,169,,,,
H000020,170,,,,
H000020,171,,,,
H000020,172,,,,
H000020,173,,,,
H000020,174,,,,
H000020,175,,,,
H000020,176,,,,
H000020,177,,,,
H000020,178,,,,
H000020,179,,,,
H000021,0,,,,
H000021,1,,,,
H000021,2,,,,
H000021,3,,,,
H000021,4,,,,
H000021,5,,,,
H000021,6,,,,
H000021,7,,,,
H000021,8,,,,
H000021,9,,,,
H000021,10,,,,
H000021,11,,,,
H000021,12,,,,
H000021,13,,,,
H000021,14,,,,
H000021,15,,,,
H000021,16,,,,
H000021,17,,,,
H000021,18,,,,
H000021,19,,,,
H000021,20,,,,
H000021,21,,,,
H000021,22,,,,
H000021,23,,,,
H000021,24,,,,
H000021,25,,,,
H000021,26,,,,
H000021,27,,,,
H000021,28,,,,
H000021,29,,,,
H000021,30,,,,
H000021,31,,,,
H000021,32,,,,
H000021,33,,,,
H000021,34,,,,
H000021,35,,,,
H000021,36,,,,
H000021,37,,,,
H000021,38,,,,
H000021,39,,,,
H000021,40,,,,
H000021,41,,,,
H000021,42,,,,
H000021,43,,,,
H000021,44,,,,
H000021,45,,,,
H000021,46,,,,
H000021,47,,,,
H000021,48,,,,
H000021,49,,,,
H000021,50,,,,
H000021,51,,,,
H000021,52,,,,
H000021,53,,,,
H000021,54,,,,
H000021,55,,,,
H000021,56,,,,
H000021,57,,,,
H000021,58,,,,
H000021,59,,,,
H000021,60,,,,
H000021,61,,,,
H000021,62,,,,
H000021,63,,,,
H000021,64,,,,
H000021,65,,,,
H000021,66,,,,
H000021,67,,,,
H000021,68,,,,
H000021,69,,,,
H000021,70,,,,
H000021,71,,,,
H000021,72,,,,
H000021,73,,,,
H000021,74,,,,
H000021,75,,,,
H000021,76,,,,
H000021,77,,,,
H000021,78,,,,
H000021,79,,,,
H000021,80,,,,
H000021,81,,,,
H000021,82,,,,
H000021,83,,,,
H000021,84,,,,
H000021,85,,,,
H000021,86,,,,
H000021,87,,,,
H000021,88,,,,
H000021,89,,,,
H000021,90,,,,
H000021,91,,,,
H000021,92,,,,
H000021,93,,,,
H000021,94,,,,
H000021,95,,,,
H000021,96,,,,
H000021,97,,,,
H000021,98,,,,
H000021,99,,,,
H000021,100,,,,
H000021,101,,,,
H000021,102,,,,
H000021,103,,,,
H000021,104,,,,
H000021,105,,,,
H000021,106,,,,
H000021,107,,,,
H000021,108,,,,
H000021,109,,,,
H000021,110,,,,
H000021,111,,,,
H000021,112,,,,
H000021,113,,,,
H000021,114,,,,
H000021,115,,,,
H000021,116,,,,
H000021,117,,,,
H000021,118,,,,
H000021,119,,,,
H000021,120,,,,
H000021,121,,,,
H000021,122,,,,
H000021,123,,,,
H000021,124,,,,
H000021,125,,,,
H000021,126,,,,
H000021,127,,,,
H000021,128,,,,
H000021,129,,,,
H000021,130,,,,
H000021,131,,,,
H000021,132,,,,
H000021,133,,,,
H000021,134,,,,
H000021,135,,,,
H000021,136,,,,
H000021,137,,,,
H000021,138,,,,
H000021,139,,,,
H000021,140,,,,
H000021,141,,,,
H000021,142,,,,
H000021,143,,,,
H000021,144,,,,
H000021,145,,,,
H000021,146,,,,
H000021,147,,,,
H000021,148,,,,
H000021,149,,,,
H000021,150,,,,
H000021,151,,,,
H000021,152,,,,
H000021,153,,,,
H000021,154,,,,
H000021,155,,,,
H000021,156,,,,
H000021,157,,,,
H000021,158,,,,
H000021,159,,,,
H000021,160,,,,
H000021,161,,,,
H000021,162,,,,
H000021,163,,,,
H000021,164,,,,
H000021,165,,,,
H000021,166,,,,
H000021,167,,,,
H000021,168,,,,
H000021,169,,,,
H000021,170,,,,
H000021,171,,,,
H000021,172,,,,
H000021,173,,,,
H000021,174,,,,
H000021,175,,,,
H000021,176,,,,
H000021,177,,,,
H000021,178,,,,
H000021,179,,,,
H000022,0,,,,
H000022,1,,,,
H000022,2,,,,
H000022,3,,,,
H000022,4,,,,
H000022,5,,,,
H000022,6,,,,
H000022,7,,,,
H000022,8,,,,
H000022,9,,,,
H000022,10,,,,
H000022,11,,,,
H000022,12,,,,
H000022,13,,,,
H000022,14,,,,
H000022,15,,,,
H000022,16,,,,
H000022,17,,,,
H000022,18,,,,
H000022,19,,,,
H000022,20,,,,
H000022,21,,,,
H000022,22,,,,
H000022,23,,,,
H000022,24,,,,
H000022,25,,,,
H000022,26,,,,
H000022,27,,,,
H000022,28,,,,
H000022,29,,,,
H000022,30,,,,
H000022,31,,,,
H000022,32,,,,
H000022,33,,,,
H000022,34,,,,
H000022,35,,,,
H000022,36,,,,
H000022,37,,,,
H000022,38,,,,
H000022,39,,,,
H000022,40,,,,
H000022,41,,,,
H000022,42,,,,
H000022,43,,,,
H000022,44,,,,
H000022,45,,,,
H000022,46,,,,
H000022,47,,,,
H000022,48,,,,
H000022,49,,,,
H000022,50,,,,
H000022,51,,,,
H000022,52,,,,
H000022,53,,,,
H000022,54,,,,
H000022,55,,,,
H000022,56,,,,
H000022,57,,,,
H000022,58,,,,
H000022,59,,,,
H000022,60,,,,
H000022,61,,,,
H000022,62,,,,
H000022,63,,,,
H000022,64,,,,
H000022,65,,,,
H000022,66,,,,
H000022,67,,,,
H000022,68,,,,
H000022,69,,,,
H000022,70,,,,
H000022,71,,,,
H000022,72,,,,
H000022,73,,,,
H000022,74,,,,
H000022,75,,,,
H000022,76,,,,
H000022,77,,,,
H000022,78,,,,
H000022,79,,,,
H000022,80,,,,
H000022,81,,,,
H000022,82,,,,
H000022,83,,,,
H000022,84,,,,
H000022,85,,,,
H000022,86,,,,
H000022,87,,,,
H000022,88,,,,
H000022,89,,,,
H000022,90,,,,
H000022,91,,,,
H000022,92,,,,
H000022,93,,,,
H000022,94,,,,
H000022,95,,,,
H000022,96,,,,
H000022,97,,,,
H000022,98,,,,
H000022,99,,,,
H000022,100,,,,
H000022,101,,,,
H000022,102,,,,
H000022,103,,,,
H000022,104,,,,
H000022,105,,,,
H000022,106,,,,
H000022,107,,,,
H000022,108,,,,
H000022,109,,,,
H000022,110,,,,
H000022,111,,,,
H000022,112,,,,
H000022,113,,,,
H000022,114,,,,
H000022,115,,,,
H000022,116,,,,
H000022,117,,,,
H000022,118,,,,
H000022,119,,,,
H000022,120,,,,
H000022,121,,,,
H000022,122,,,,
H000022,123,,,,
H000022,124,,,,
H000022,125,,,,
H000022,126,,,,
H000022,127,,,,
H000022,128,,,,
H000022,129,,,,
H000022,130,,,,
H000022,131,,,,
H000022,132,,,,
H000022,133,,,,
H000022,134,,,,
H000022,135,,,,
H000022,136,,,,
H000022,137,,,,
H000022,138,,,,
H000022,139,,,,
H000022,140,,,,
H000022,141,,,,
H000022,142,,,,
H000022,143,,,,
H000022,144,,,,
H000022,145,,,,
H000022,146,,,,
H000022,147,,,,
H000022,148,,,,
H000022,149,,,,
H000022,150,,,,
H000022,151,,,,
H000022,152,,,,
H000022,153,,,,
H000022,154,,,,
H000022,155,,,,
H000022,156,,,,
H000022,157,,,,
H000022,158,,,,
H000022,159,,,,
H000022,160,,,,
H000022,161,,,,
H000022,162,,,,
H000022,163,,,,
H000022,164,,,,
H000022,165,,,,
H000022,166,,,,
H000022,167,,,,
H000022,168,,,,
H000022,169,,,,
H000022,170,,,,
H000022,171,,,,
H000022,172,,,,
H000022,173,,,,
H000022,174,,,,
H000022,175,,,,
H000022,176,,,,
H000022,177,,,,
H000022,178,,,,
H000022,179,,,,
H000023,0,,,,
H000023,1,,,,
H000023,2,,,,
H000023,3,,,,
H000023,4,,,,
H000023,5,,,,
H000023,6,,,,
H000023,7,,,,
H000023,8,,,,
H000023,9,,,,
H000023,10,,,,
H000023,11,,,,
H000023,12,,,,
H000023,13,,,,
H000023,14,,,,
H000023,15,,,,
H000023,16,,,,
H000023,17,,,,
H000023,18,,,,
H000023,19,,,,
H000023,20,,,,
H000023,21,,,,
H000023,22,,,,
H000023,23,,,,
H000023,24,,,,
H000023,25,,,,
H000023,26,,,,
H000023,27,,,,
H000023,28,,,,
H000023,29,,,,
H000023,30,,,,
H000023,31,,,,
H000023,32,,,,
H000023,33,,,,
H000023,34,,,,
H000023,35,,,,
H000023,36,,,,
H000023,37,,,,
H000023,38,,,,
H000023,39,,,,
H000023,40,,,,
H000023,41,,,,
H000023,42,,,,
H000023,43,,,,
H000023,44,,,,
H000023,45,,,,
H000023,46,,,,
H000023,47,,,,
H000023,48,,,,
H000023,49,,,,
H000023,50,,,,
H000023,51,,,,
H000023,52,,,,
H000023,53,,,,
H000023,54,,,,
H000023,55,,,,
H000023,56,,,,
H000023,57,,,,
H000023,58,,,,
H000023,59,,,,
H000023,60,,,,
H000023,61,,,,
H000023,62,,,,
H000023,63,,,,
H000023,64,,,,
H000023,65,,,,
H000023,66,,,,
H000023,67,,,,
H000023,68,,,,
H000023,69,,,,
H000023,70,,,,
H000023,71,,,,
H000023,72,,,,
H000023,73,,,,
H000023,74,,,,
H000023,75,,,,
H000023,76,,,,
H000023,77,,,,
H000023,78,,,,
H000023,79,,,,
H000023,80,,,,
H000023,81,,,,
H000023,82,,,,
H000023,83,,,,
H000023,84,,,,
H000023,85,,,,
H000023,86,,,,
H000023,87,,,,
H000023,88,,,,
H000023,89,,,,
H000023,90,,,,
H000023,91,,,,
H000023,92,,,,
H000023,93,,,,
H000023,94,,,,
H000023,95,,,,
H000023,96,,,,
H000023,97,,,,
H000023,98,,,,
H000023,99,,,,
H000023,100,,,,
H000023,101,,,,
H000023,102,,,,
H000023,103,,,,
H000023,104,,,,
H000023,105,,,,
H000023,106,,,,
H000023,107,,,,
H000023,108,,,,
H000023,109,,,,
H000023,110,,,,
H000023,111,,,,
H000023,112,,,,
H000023,113,,,,
H000023,114,,,,
H000023,115,,,,
H000023,116,,,,
H000023,117,,,,
H000023,118,,,,
H000023,119,,,,
H000023,120,,,,
H000023,121,,,,
H000023,122,,,,
H000023,123,,,,
H000023,124,,,,
H000023,125,,,,
H000023,126,,,,
H000023,127,,,,
H000023,128,,,,
H000023,129,,,,
H000023,130,,,,
H000023,131,,,,
H000023,132,,,,
H000023,133,,,,
H000023,134,,,,
H000023,135,,,,
H000023,136,,,,
H000023,137,,,,
H000023,138,,,,
H000023,139,,,,
H000023,140,,,,
H000023,141,,,,
H000023,142,,,,
H000023,143,,,,
H000023,144,,,,
H000023,145,,,,
H000023,146,,,,
H000023,147,,,,
H000023,148,,,,
H000023,149,,,,
H000023,150,,,,
H000023,151,,,,
H000023,152,,,,
H000023,153,,,,
H000023,154,,,,
H000023,155,,,,
H000023,156,,,,
H000023,157,,,,
H000023,158,,,,
H000023,159,,,,
H000023,160,,,,
H000023,161,,,,
H000023,162,,,,
H000023,163,,,,
H000023,164,,,,
H000023,165,,,,
H000023,166,,,,
H000023,167,,,,
H000023,168,,,,
H000023,169,,,,
H000023,170,,,,
H000023,171,,,,
H000023,172,,,,
H000023,173,,,,
H000023,174,,,,
H000023,175,,,,
H000023,176,,,,
H000023,177,,,,
H000023,178,,,,
H000023,179,,,,
H000024,0,,,,
H000024,1,,,,
H000024,2,,,,
H000024,3,,,,
H000024,4,,,,
H000024,5,,,,
H000024,6,,,,
H000024,7,,,,
H000024,8,,,,
H000024,9,,,,
H000024,10,,,,
H000024,11,,,,
H000024,12,,,,
H000024,13,,,,
H000024,14,,,,
H000024,15,,,,
H000024,16,,,,
H000024,17,,,,
H000024,18,,,,
H000024,19,,,,
H000024,20,,,,
H000024,21,,,,
H000024,22,,,,
H000024,23,,,,
H000024,24,,,,
H000024,25,,,,
H000024,26,,,,
H000024,27,,,,
H000024,28,,,,
H000024,29,,,,
H000024,30,,,,
H000024,31,,,,
H000024,32,,,,
H000024,33,,,,
H000024,34,,,,
H000024,35,,,,
H000024,36,,,,
H000024,37,,,,
H000024,38,,,,
H000024,39,,,,
H000024,40,,,,
H000024,41,,,,
H000024,42,,,,
H000024,43,,,,
H000024,44,,,,
H000024,45,,,,
H000024,46,,,,
H000024,47,,,,
H000024,48,,,,
H000024,49,,,,
H000024,50,,,,
H000024,51,,,,
H000024,52,,,,
H000024,53,,,,
H000024,54,,,,
H000024,55,,,,
H000024,56,,,,
H000024,57,,,,
H000024,58,,,,
H000024,59,,,,
H000024,60,,,,
H000024,61,,,,
H000024,62,,,,
H000024,63,,,,
H000024,64,,,,
H000024,65,,,,
H000024,66,,,,
H000024,67,,,,
H000024,68,,,,
H000024,69,,,,
H000024,70,,,,
H000024,71,,,,
H000024,72,,,,
H000024,73,,,,
H000024,74,,,,
H000024,75,,,,
H000024,76,,,,
H000024,77,,,,
H000024,78,,,,
H000024,79,,,,
H000024,80,,,,
H000024,81,,,,
H000024,82,,,,
H000024,83,,,,
H000024,84,,,,
H000024,85,,,,
H000024,86,,,,
H000024,87,,,,
H000024,88,,,,
H000024,89,,,,
H000024,90,,,,
H000024,91,,,,
H000024,92,,,,
H000024,93,,,,
H000024,94,,,,
H000024,95,,,,
H000024,96,,,,
H000024,97,,,,
H000024,98,,,,
H000024,99,,,,
H000024,100,,,,
H000024,101,,,,
H000024,102,,,,
H000024,103,,,,
H000024,104,,,,
H000024,105,,,,
H000024,106,,,,
H000024,107,,,,
H000024,108,,,,
H000024,109,,,,
H000024,110,,,,
H000024,111,,,,
H000024,112,,,,
H000024,113,,,,
H000024,114,,,,
H000024,115,,,,
H000024,116,,,,
H000024,117,,,,
H000024,118,,,,
H000024,119,,,,
H000024,120,,,,
H000024,121,,,,
H000024,122,,,,
H000024,123,,,,
H000024,124,,,,
H000024,125,,,,
H000024,126,,,,
H000024,127,,,,
H000024,128,,,,
H000024,129,,,,
H000024,130,,,,
H000024,131,,,,
H000024,132,,,,
H000024,133,,,,
H000024,134,,,,
H000024,135,,,,
H000024,136,,,,
H000024,137,,,,
H000024,138,,,,
H000024,139,,,,
H000024,140,,,,
H000024,141,,,,
H000024,142,,,,
H000024,143,,,,
H000024,144,,,,
H000024,145,,,,
H000024,146,,,,
H000024,147,,,,
H000024,148,,,,
H000024,149,,,,
H000024,150,,,,
H000024,151,,,,
H000024,152,,,,
H000024,153,,,,
H000024,154,,,,
H000024,155,,,,
H000024,156,,,,
H000024,157,,,,
H000024,158,,,,
H000024,159,,,,
H000024,160,,,,
H000024,161,,,,
H000024,162,,,,
H000024,163,,,,
H000024,164,,,,
H000024,165,,,,
H000024,166,,,,
H000024,167,,,,
H000024,168,,,,
H000024,169,,,,
H000024,170,,,,
H000024,171,,,,
H000024,172,,,,
H000024,173,,,,
H000024,174,,,,
H000024,175,,,,
H000024,176,,,,
H000024,177,,,,
H000024,178,,,,
H000024,179,,,,
H000025,0,,,,
H000025,1,,,,
H000025,2,,,,
H000025,3,,,,
H000025,4,,,,
H000025,5,,,,
H000025,6,,,,
H000025,7,,,,
H000025,8,,,,
H000025,9,,,,
H000025,10,,,,
H000025,11,,,,
H000025,12,,,,
H000025,13,,,,
H000025,14,,,,
H000025,15,,,,
H000025,16,,,,
H000025,17,,,,
H000025,18,,,,
H000025,19,,,,
H000025,20,,,,
H000025,21,,,,
H000025,22,,,,
H000025,23,,,,
H000025,24,,,,
H000025,25,,,,
H000025,26,,,,
H000025,27,,,,
H000025,28,,,,
H000025,29,,,,
H000025,30,,,,
H000025,31,,,,
H000025,32,,,,
H000025,33,,,,
H000025,34,,,,
H000025,35,,,,
H000025,36,,,,
H000025,37,,,,
H000025,38,,,,
H000025,39,,,,
H000025,40,,,,
H000025,41,,,,
H000025,42,,,,
H000025,43,,,,
H000025,44,,,,
H000025,45,,,,
H000025,46,,,,
H000025,47,,,,
H000025,48,,,,
H000025,49,,,,
H000025,50,,,,
H000025,51,,,,
H000025,52,,,,
H000025,53,,,,
H000025,54,,,,
H000025,55,,,,
H000025,56,,,,
H000025,57,,,,
H000025,58,,,,
H000025,59,,,,
H000025,60,,,,
H000025,61,,,,
H000025,62,,,,
H000025,63,,,,
H000025,64,,,,
H000025,65,,,,
H000025,66,,,,
H000025,67,,,,
H000025,68,,,,
H000025,69,,,,
H000025,70,,,,
H000025,71,,,,
H000025,72,,,,
H000025,73,,,,
H000025,74,,,,
H000025,75,,,,
H000025,76,,,,
H000025,77,,,,
H000025,78,,,,
H000025,79,,,,
H000025,80,,,,
H000025,81,,,,
H000025,82,,,,
H000025,83,,,,
H000025,84,,,,
H000025,85,,,,
H000025,86,,,,
H000025,87,,,,
H000025,88,,,,
H000025,89,,,,
H000025,90,,,,
H000025,91,,,,
H000025,92,,,,
H000025,93,,,,
H000025,94,,,,
H000025,95,,,,
H000025,96,,,,
H000025,97,,,,
H000025,98,,,,
H000025,99,,,,
H000025,100,,,,
H000025,101,,,,
H000025,102,,,,
H000025,103,,,,
H000025,104,,,,
H000025,105,,,,
H000025,106,,,,
H000025,107,,,,
H000025,108,,,,
H000025,109,,,,
H000025,110,,,,
H000025,111,,,,
H000025,112,,,,
H000025,113,,,,
H000025,114,,,,
H000025,115,,,,
H000025,116,,,,
H000025,117,,,,
H000025,118,,,,
H000025,119,,,,
H000025,120,,,,
H000025,121,,,,
H000025,122,,,,
H000025,123,,,,
H000025,124,,,,
H000025,125,,,,
H000025,126,,,,
H000025,127,,,,
H000025,128,,,,
H000025,129,,,,
H000025,130,,,,
H000025,131,,,,
H000025,132,,,,
H000025,133,,,,
H000025,134,,,,
H000025,135,,,,
H000025,136,,,,
H000025,137,,,,
H000025,138,,,,
H000025,139,,,,
H000025,140,,,,
H000025,141,,,,
H000025,142,,,,
H000025,143,,,,
H000025,144,,,,
H000025,145,,,,
H000025,146,,,,
H000025,147,,,,
H000025,148,,,,
H000025,149,,,,
H000025,150,,,,
H000025,151,,,,
H000025,152,,,,
H000025,153,,,,
H000025,154,,,,
H000025,155,,,,
H000025,156,,,,
H000025,157,,,,
H000025,158,,,,
H000025,159,,,,
H000025,160,,,,
H000025,161,,,,
H000025,162,,,,
H000025,163,,,,
H000025,164,,,,
H000025,165,,,,
H000025,166,,,,
H000025,167,,,,
H000025,168,,,,
H000025,169,,,,
H000025,170,,,,
H000025,171,,,,
H000025,172,,,,
H000025,173,,,,
H000025,174,,,,
H000025,175,,,,
H000025,176,,,,
H000025,177,,,,
H000025,178,,,,
H000025,179,,,,
H000026,0,,,,
H000026,1,,,,
H000026,2,,,,
H000026,3,,,,
H000026,4,,,,
H000026,5,,,,
H000026,6,,,,
H000026,7,,,,
H000026,8,,,,
H000026,9,,,,
H000026,10,,,,
H000026,11,,,,
H000026,12,,,,
H000026,13,,,,
H000026,14,,,,
H000026,15,,,,
H000026,16,,,,
H000026,17,,,,
H000026,18,,,,
H000026,19,,,,
H000026,20,,,,
H000026,21,,,,
H000026,22,,,,
H000026,23,,,,
H000026,24,,,,
H000026,25,,,,
H000026,26,,,,
H000026,27,,,,
H000026,28,,,,
H000026,29,,,,
H000026,30,,,,
H000026,31,,,,
H000026,32,,,,
H000026,33,,,,
H000026,34,,,,
H000026,35,,,,
H000026,36,,,,
H000026,37,,,,
H000026,38,,,,
H000026,39,,,,
H000026,40,,,,
H000026,41,,,,
H000026,42,,,,
H000026,43,,,,
H000026,44,,,,
H000026,45,,,,
H000026,46,,,,
H000026,47,,,,
H000026,48,,,,
H000026,49,,,,
H000026,50,,,,
H000026,51,,,,
H000026,52,,,,
H000026,53,,,,
H000026,54,,,,
H000026,55,,,,
H000026,56,,,,
H000026,57,,,,
H000026,58,,,,
H000026,59,,,,
H000026,60,,,,
H000026,61,,,,
H000026,62,,,,
H000026,63,,,,
H000026,64,,,,
H000026,65,,,,
H000026,66,,,,
H000026,67,,,,
H000026,68,,,,
H000026,69,,,,
H000026,70,,,,
H000026,71,,,,
H000026,72,,,,
H000026,73,,,,
H000026,74,,,,
H000026,75,,,,
H000026,76,,,,
H000026,77,,,,
H000026,78,,,,
H000026,79,,,,
H000026,80,,,,
H000026,81,,,,
H000026,82,,,,
H000026,83,,,,
H000026,84,,,,
H000026,85,,,,
H000026,86,,,,
H000026,87,,,,
H000026,88,,,,
H000026,89,,,,
H000026,90,,,,
H000026,91,,,,
H000026,92,,,,
H000026,93,,,,
H000026,94,,,,
H000026,95,,,,
H000026,96,,,,
H000026,97,,,,
H000026,98,,,,
H000026,99,,,,
H000026,100,,,,
H000026,101,,,,
H000026,102,,,,
H000026,103,,,,
H000026,104,,,,
H000026,105,,,,
H000026,106,,,,
H000026,107,,,,
H000026,108,,,,
H000026,109,,,,
H000026,110,,,,
H000026,111,,,,
H000026,112,,,,
H000026,113,,,,
H000026,114,,,,
H000026,115,,,,
H000026,116,,,,
H000026,117,,,,
H000026,118,,,,
H000026,119,,,,
H000026,120,,,,
H000026,121,,,,
H000026,122,,,,
H000026,123,,,,
H000026,124,,,,
H000026,125,,,,
H000026,126,,,,
H000026,127,,,,
H000026,128,,,,
H000026,129,,,,
H000026,130,,,,
H000026,131,,,,
H000026,132,,,,
H000026,133,,,,
H000026,134,,,,
H000026,135,,,,
H000026,136,,,,
H000026,137,,,,
H000026,138,,,,
H000026,139,,,,
H000026,140,,,,
H000026,141,,,,
H000026,142,,,,
H000026,143,,,,
H000026,144,,,,
H000026,145,,,,
H000026,146,,,,
H000026,147,,,,
H000026,148,,,,
H000026,149,,,,
H000026,150,,,,
H000026,151,,,,
H000026,152,,,,
H000026,153,,,,
H000026,154,,,,
H000026,155,,,,
H000026,156,,,,
H000026,157,,,,
H000026,158,,,,
H000026,159,,,,
H000026,160,,,,
H000026,161,,,,
H000026,162,,,,
H000026,163,,,,
H000026,164,,,,
H000026,165,,,,
H000026,166,,,,
H000026,167,,,,
H000026,168,,,,
H000026,169,,,,
H000026,170,,,,
H000026,171,,,,
H000026,172,,,,
H000026,173,,,,
H000026,174,,,,
H000026,175,,,,
H000026,176,,,,
H000026,177,,,,
H000026,178,,,,
H000026,179,,,,
H000027,0,,,,
H000027,1,,,,
H000027,2,,,,
H000027,3,,,,
H000027,4,,,,
H000027,5,,,,
H000027,6,,,,
H000027,7,,,,
H000027,8,,,,
H000027,9,,,,
H000027,10,,,,
H000027,11,,,,
H000027,12,,,,
H000027,13,,,,
H000027,14,,,,
H000027,15,,,,
H000027,16,,,,
H000027,17,,,,
H000027,18,,,,
H000027,19,,,,
H000027,20,,,,
H000027,21,,,,
H000027,22,,,,
H000027,23,,,,
H000027,24,,,,
H000027,25,,,,
H000027,26,,,,
H000027,27,,,,
H000027,28,,,,
H000027,29,,,,
H000027,30,,,,
H000027,31,,,,
H000027,32,,,,
H000027,33,,,,
H000027,34,,,,
H000027,35,,,,
H000027,36,,,,
H000027,37,,,,
H000027,38,,,,
H000027,39,,,,
H000027,40,,,,
H000027,41,,,,
H000027,42,,,,
H000027,43,,,,
H000027,44,,,,
H000027,45,,,,
H000027,46,,,,
H000027,47,,,,
H000027,48,,,,
H000027,49,,,,
H000027,50,,,,
H000027,51,,,,
H000027,52,,,,
H000027,53,,,,
H000027,54,,,,
H000027,55,,,,
H000027,56,,,,
H000027,57,,,,
H000027,58,,,,
H000027,59,,,,
H000027,60,,,,
H000027,61,,,,
H000027,62,,,,
H000027,63,,,,
H000027,64,,,,
H000027,65,,,,
H000027,66,,,,
H000027,67,,,,
H000027,68,,,,
H000027,69,,,,
H000027,70,,,,
H000027,71,,,,
H000027,72,,,,
H000027,73,,,,
H000027,74,,,,
H000027,75,,,,
H000027,76,,,,
H000027,77,,,,
H000027,78,,,,
H000027,79,,,,
H000027,80,,,,
H000027,81,,,,
H000027,82,,,,
H000027,83,,,,
H000027,84,,,,
H000027,85,,,,
H000027,86,,,,
H000027,87,,,,
H000027,88,,,,
H000027,89,,,,
H000027,90,,,,
H000027,91,,,,
H000027,92,,,,
H000027,93,,,,
H000027,94,,,,
H000027,95,,,,
H000027,96,,,,
H000027,97,,,,
H000027,98,,,,
H000027,99,,,,
H000027,100,,,,
H000027,101,,,,
H000027,102,,,,
H000027,103,,,,
H000027,104,,,,
H000027,105,,,,
H000027,106,,,,
H000027,107,,,,
H000027,108,,,,
H000027,109,,,,
H000027,110,,,,
H000027,111,,,,
H000027,112,,,,
H000027,113,,,,
H000027,114,,,,
H000027,115,,,,
H000027,116,,,,
H000027,117,,,,
H000027,118,,,,
H000027,119,,,,
H000027,120,,,,
H000027,121,,,,
H000027,122,,,,
H000027,123,,,,
H000027,124,,,,
H000027,125,,,,
H000027,126,,,,
H000027,127,,,,
H000027,128,,,,
H000027,129,,,,
H000027,130,,,,
H000027,131,,,,
H000027,132,,,,
H000027,133,,,,
H000027,134,,,,
H000027,135,,,,
H000027,136,,,,
H000027,137,,,,
H000027,138,,,,
H000027,139,,,,
H000027,140,,,,
H000027,141,,,,
H000027,142,,,,
H000027,143,,,,
H000027,144,,,,
H000027,145,,,,
H000027,146,,,,
H000027,147,,,,
H000027,148,,,,
H000027,149,,,,
H000027,150,,,,
H000027,151,,,,
H000027,152,,,,
H000027,153,,,,
H000027,154,,,,
H000027,155,,,,
H000027,156,,,,
H000027,157,,,,
H000027,158,,,,
H000027,159,,,,
H000027,160,,,,
H000027,161,,,,
H000027,162,,,,
H000027,163,,,,
H000027,164,,,,
H000027,165,,,,
H000027,166,,,,
H000027,167,,,,
H000027,168,,,,
H000027,169,,,,
H000027,170,,,,
H000027,171,,,,
H000027,172,,,,
H000027,173,,,,
H000027,174,,,,
H000027,175,,,,
H000027,176,,,,
H000027,177,,,,
H000027,178,,,,
H000027,179,,,,
H000028,0,,,,
H000028,1,,,,
H000028,2,,,,
H000028,3,,,,
H000028,4,,,,
H000028,5,,,,
H000028,6,,,,
H000028,7,,,,
H000028,8,,,,
H000028,9,,,,
H000028,10,,,,
H000028,11,,,,
H000028,12,,,,
H000028,13,,,,
H000028,14,,,,
H000028,15,,,,
H000028,16,,,,
H000028,17,,,,
H000028,18,,,,
H000028,19,,,,
H000028,20,,,,
H000028,21,,,,
H000028,22,,,,
H000028,23,,,,
H000028,24,,,,
H000028,25,,,,
H000028,26,,,,
H000028,27,,,,
H000028,28,,,,
H000028,29,,,,
H000028,30,,,,
H000028,31,,,,
H000028,32,,,,
H000028,33,,,,
H000028,34,,,,
H000028,35,,,,
H000028,36,,,,
H000028,37,,,,
H000028,38,,,,
H000028,39,,,,
H000028,40,,,,
H000028,41,,,,
H000028,42,,,,
H000028,43,,,,
H000028,44,,,,
H000028,45,,,,
H000028,46,,,,
H000028,47,,,,
H000028,48,,,,
H000028,49,,,,
H000028,50,,,,
H000028,51,,,,
H000028,52,,,,
H000028,53,,,,
H000028,54,,,,
H000028,55,,,,
H000028,56,,,,
H000028,57,,,,
H000028,58,,,,
H000028,59,,,,
H000028,60,,,,
H000028,61,,,,
H000028,62,,,,
H000028,63,,,,
H000028,64,,,,
H000028,65,,,,
H000028,66,,,,
H000028,67,,,,
H000028,68,,,,
H000028,69,,,,
H000028,70,,,,
H000028,71,,,,
H000028,72,,,,
H000028,73,,,,
H000028,74,,,,
H000028,75,,,,
H000028,76,,,,
H000028,77,,,,
H000028,78,,,,
H000028,79,,,,
H000028,80,,,,
H000028,81,,,,
H000028,82,,,,
H000028,83,,,,
H000028,84,,,,
H000028,85,,,,
H000028,86,,,,
H000028,87,,,,
H000028,88,,,,
H000028,89,,,,
H000028,90,,,,
H000028,91,,,,
H000028,92,,,,
H000028,93,,,,
H000028,94,,,,
H000028,95,,,,
H000028,96,,,,
H000028,97,,,,
H000028,98,,,,
H000028,99,,,,
H000028,100,,,,
H000028,101,,,,
H000028,102,,,,
H000028,103,,,,
H000028,104,,,,
H000028,105,,,,
H000028,106,,,,
H000028,107,,,,
H000028,108,,,,
H000028,109,,,,
H000028,110,,,,
H000028,111,,,,
H000028,112,,,,
H000028,113,,,,
H000028,114,,,,
H000028,115,,,,
H000028,116,,,,
H000028,117,,,,
H000028,118,,,,
H000028,119,,,,
H000028,120,,,,
H000028,121,,,,
H000028,122,,,,
H000028,123,,,,
H000028,124,,,,
H000028,125,,,,
H000028,126,,,,
H000028,127,,,,
H000028,128,,,,
H000028,129,,,,
H000028,130,,,,
H000028,131,,,,
H000028,132,,,,
H000028,133,,,,
H000028,134,,,,
H000028,135,,,,
H000028,136,,,,
H000028,137,,,,
H000028,138,,,,
H000028,139,,,,
H000028,140,,,,
H000028,141,,,,
H000028,142,,,,
H000028,143,,,,
H000028,144,,,,
H000028,145,,,,
H000028,146,,,,
H000028,147,,,,
H000028,148,,,,
H000028,149,,,,
H000028,150,,,,
H000028,151,,,,
H000028,152,,,,
H000028,153,,,,
H000028,154,,,,
H000028,155,,,,
H000028,156,,,,
H000028,157,,,,
H000028,158,,,,
H000028,159,,,,
H000028,160,,,,
H000028,161,,,,
H000028,162,,,,
H000028,163,,,,
H000028,164,,,,
H000028,165,,,,
H000028,166,,,,
H000028,167,,,,
H000028,168,,,,
H000028,169,,,,
H000028,170,,,,
H000028,171,,,,
H000028,172,,,,
H000028,173,,,,
H000028,174,,,,
H000028,175,,,,
H000028,176,,,,
H000028,177,,,,
H000028,178,,,,
H000028,179,,,,
H000029,0,,,,
H000029,1,,,,
H000029,2,,,,
H000029,3,,,,
H000029,4,,,,
H000029,5,,,,
H000029,6,,,,
H000029,7,,,,
H000029,8,,,,
H000029,9,,,,
H000029,10,,,,
H000029,11,,,,
H000029,12,,,,
H000029,13,,,,
H000029,14,,,,
H000029,15,,,,
H000029,16,,,,
H000029,17,,,,
H000029,18,,,,
H000029,19,,,,
H000029,20,,,,
H000029,21,,,,
H000029,22,,,,
H000029,23,,,,
H000029,24,,,,
H000029,25,,,,
H000029,26,,,,
H000029,27,,,,
H000029,28,,,,
H000029,29,,,,
H000029,30,,,,
H000029,31,,,,
H000029,32,,,,
H000029,33,,,,
H000029,34,,,,
H000029,35,,,,
H000029,36,,,,
H000029,37,,,,
H000029,38,,,,
H000029,39,,,,
H000029,40,,,,
H000029,41,,,,
H000029,42,,,,
H000029,43,,,,
H000029,44,,,,
H000029,45,,,,
H000029,46,,,,
H000029,47,,,,
H000029,48,,,,
H000029,49,,,,
H000029,50,,,,
H000029,51,,,,
H000029,52,,,,
H000029,53,,,,
H000029,54,,,,
H000029,55,,,,
H000029,56,,,,
H000029,57,,,,
H000029,58,,,,
H000029,59,,,,
H000029,60,,,,
H000029,61,,,,
H000029,62,,,,
H000029,63,,,,
H000029,64,,,,
H000029,65,,,,
H000029,66,,,,
H000029,67,,,,
H000029,68,,,,
H000029,69,,,,
H000029,70,,,,
H000029,71,,,,
H000029,72,,,,
H000029,73,,,,
H000029,74,,,,
H000029,75,,,,
H000029,76,,,,
H000029,77,,,,
H000029,78,,,,
H000029,79,,,,
H000029,80,,,,
H000029,81,,,,
H000029,82,,,,
H000029,83,,,,
H000029,84,,,,
H000029,85,,,,
H000029,86,,,,
H000029,87,,,,
H000029,88,,,,
H000029,89,,,,
H000029,90,,,,
H000029,91,,,,
H000029,92,,,,
H000029,93,,,,
H000029,94,,,,
H000029,95,,,,
H000029,96,,,,
H000029,97,,,,
H000029,98,,,,
H000029,99,,,,
H000029,100,,,,
H000029,101,,,,
H000029,102,,,,
H000029,103,,,,
H000029,104,,,,
H000029,105,,,,
H000029,106,,,,
H000029,107,,,,
H000029,108,,,,
H000029,109,,,,
H000029,110,,,,
H000029,111,,,,
H000029,112,,,,
H000029,113,,,,
H000029,114,,,,
H000029,115,,,,
H000029,116,,,,
H000029,117,,,,
H000029,118,,,,
H000029,119,,,,
H000029,120,,,,
H000029,121,,,,
H000029,122,,,,
H000029,123,,,,
H000029,124,,,,
H000029,125,,,,
H000029,126,,,,
H000029,127,,,,
H000029,128,,,,
H000029,129,,,,
H000029,130,,,,
H000029,131,,,,
H000029,132,,,,
H000029,133,,,,
H000029,134,,,,
H000029,135,,,,
H000029,136,,,,
H000029,137,,,,
H000029,138,,,,
H000029,139,,,,
H000029,140,,,,
H000029,141,,,,
H000029,142,,,,
H000029,143,,,,
H000029,144,,,,
H000029,145,,,,
H000029,146,,,,
H000029,147,,,,
H000029,148,,,,
H000029,149,,,,
H000029,150,,,,
H000029,151,,,,
H000029,152,,,,
H000029,153,,,,
H000029,154,,,,
H000029,155,,,,
H000029,156,,,,
H000029,157,,,,
H000029,158,,,,
H000029,159,,,,
H000029,160,,,,
H000029,161,,,,
H000029,162,,,,
H000029,163,,,,
H000029,164,,,,
H000029,165,,,,
H000029,166,,,,
H000029,167,,,,
H000029,168,,,,
H000029,169,,,,
H000029,170,,,,
H000029,171,,,,
H000029,172,,,,
H000029,173,,,,
H000029,174,,,,
H000029,175,,,,
H000029,176,,,,
H000029,177,,,,
H000029,178,,,,
H000029,179,,,,
H000030,0,,,,
H000030,1,,,,
H000030,2,,,,
H000030,3,,,,
H000030,4,,,,
H000030,5,,,,
H000030,6,,,,
H000030,7,,,,
H000030,8,,,,
H000030,9,,,,
H000030,10,,,,
H000030,11,,,,
H000030,12,,,,
H000030,13,,,,
H000030,14,,,,
H000030,15,,,,
H000030,16,,,,
H000030,17,,,,
H000030,18,,,,
H000030,19,,,,
H000030,20,,,,
H000030,21,,,,
H000030,22,,,,
H000030,23,,,,
H000030,24,,,,
H000030,25,,,,
H000030,26,,,,
H000030,27,,,,
H000030,28,,,,
H000030,29,,,,
H000030,30,,,,
H000030,31,,,,
H000030,32,,,,
H000030,33,,,,
H000030,34,,,,
H000030,35,,,,
H000030,36,,,,
H000030,37,,,,
H000030,38,,,,
H000030,39,,,,
H000030,40,,,,
H000030,41,,,,
H000030,42,,,,
H000030,43,,,,
H000030,44,,,,
H000030,45,,,,
H000030,46,,,,
H000030,47,,,,
H000030,48,,,,
H000030,49,,,,
H000030,50,,,,
H000030,51,,,,
H000030,52,,,,
H000030,53,,,,
H000030,54,,,,
H000030,55,,,,
H000030,56,,,,
H000030,57,,,,
H000030,58,,,,
H000030,59,,,,
H000030,60,,,,
H000030,61,,,,
H000030,62,,,,
H000030,63,,,,
H000030,64,,,,
H000030,65,,,,
H000030,66,,,,
H000030,67,,,,
H000030,68,,,,
H000030,69,,,,
H000030,70,,,,
H000030,71,,,,
H000030,72,,,,
H000030,73,,,,
H000030,74,,,,
H000030,75,,,,
H000030,76,,,,
H000030,77,,,,
H000030,78,,,,
H000030,79,,,,
H000030,80,,,,
H000030,81,,,,
H000030,82,,,,
H000030,83,,,,
H000030,84,,,,
H000030,85,,,,
H000030,86,,,,
H000030,87,,,,
H000030,88,,,,
H000030,89,,,,
H000030,90,,,,
H000030,91,,,,
H000030,92,,,,
H000030,93,,,,
H000030,94,,,,
H000030,95,,,,
H000030,96,,,,
H000030,97,,,,
H000030,98,,,,
H000030,99,,,,
H000030,100,,,,
H000030,101,,,,
H000030,102,,,,
H000030,103,,,,
H000030,104,,,,
H000030,105,,,,
H000030,106,,,,
H000030,107,,,,
H000030,108,,,,
H000030,109,,,,
H000030,110,,,,
H000030,111,,,,
H000030,112,,,,
H000030,113,,,,
H000030,114,,,,
H000030,115,,,,
H000030,116,,,,
H000030,117,,,,
H000030,118,,,,
H000030,119,,,,
H000030,120,,,,
H000030,121,,,,
H000030,122,,,,
H000030,123,,,,
H000030,124,,,,
H000030,125,,,,
H000030,126,,,,
H000030,127,,,,
H000030,128,,,,
H000030,129,,,,
H000030,130,,,,
H000030,131,,,,
H000030,132,,,,
H000030,133,,,,
H000030,134,,,,
H000030,135,,,,
H000030,136,,,,
H000030,137,,,,
H000030,138,,,,
H000030,139,,,,
H000030,140,,,,
H000030,141,,,,
H000030,142,,,,
H000030,143,,,,
H000030,144,,,,
H000030,145,,,,
H000030,146,,,,
H000030,147,,,,
H000030,148,,,,
H000030,149,,,,
H000030,150,,,,
H000030,151,,,,
H000030,152,,,,
H000030,153,,,,
H000030,154,,,,
H000030,155,,,,
H000030,156,,,,
H000030,157,,,,
H000030,158,,,,
H000030,159,,,,
H000030,160,,,,
H000030,161,,,,
H000030,162,,,,
H000030,163,,,,
H000030,164,,,,
H000030,165,,,,
H000030,166,,,,
H000030,167,,,,
H000030,168,,,,
H000030,169,,,,
H000030,170,,,,
H000030,171,,,,
H000030,172,,,,
H000030,173,,,,
H000030,174,,,,
H000030,175,,,,
H000030,176,,,,
H000030,177,,,,
H000030,178,,,,
H000030,179,,,,
H000031,0,,,,
H000031,1,,,,
H000031,2,,,,
H000031,3,,,,
H000031,4,,,,
H000031,5,,,,
H000031,6,,,,
H000031,7,,,,
H000031,8,,,,
H000031,9,,,,
H000031,10,,,,
H000031,11,,,,
H000031,12,,,,
H000031,13,,,,
H000031,14,,,,
H000031,15,,,,
H000031,16,,,,
H000031,17,,,,
H000031,18,,,,
H000031,19,,,,
H000031,20,,,,
H000031,21,,,,
H000031,22,,,,
H000031,23,,,,
H000031,24,,,,
H000031,25,,,,
H000031,26,,,,
H000031,27,,,,
H000031,28,,,,
H000031,29,,,,
H000031,30,,,,
H000031,31,,,,
H000031,32,,,,
H000031,33,,,,
H000031,34,,,,
H000031,35,,,,
H000031,36,,,,
H000031,37,,,,
H000031,38,,,,
H000031,39,,,,
H000031,40,,,,
H000031,41,,,,
H000031,42,,,,
H000031,43,,,,
H000031,44,,,,
H000031,45,,,,
H000031,46,,,,
H000031,47,,,,
H000031,48,,,,
H000031,49,,,,
H000031,50,,,,
H000031,51,,,,
H000031,52,,,,
H000031,53,,,,
H000031,54,,,,
H000031,55,,,,
H000031,56,,,,
H000031,57,,,,
H000031,58,,,,
H000031,59,,,,
H000031,60,,,,
H000031,61,,,,
H000031,62,,,,
H000031,63,,,,
H000031,64,,,,
H000031,65,,,,
H000031,66,,,,
H000031,67,,,,
H000031,68,,,,
H000031,69,,,,
H000031,70,,,,
H000031,71,,,,
H000031,72,,,,
H000031,73,,,,
H000031,74,,,,
H000031,75,,,,
H000031,76,,,,
H000031,77,,,,
H000031,78,,,,
H000031,79,,,,
H000031,80,,,,
H000031,81,,,,
H000031,82,,,,
H000031,83,,,,
H000031,84,,,,
H000031,85,,,,
H000031,86,,,,
H000031,87,,,,
H000031,88,,,,
H000031,89,,,,
H000031,90,,,,
H000031,91,,,,
H000031,92,,,,
H000031,93,,,,
H000031,94,,,,
H000031,95,,,,
H000031,96,,,,
H000031,97,,,,
H000031,98,,,,
H000031,99,,,,
H000031,100,,,,
H000031,101,,,,
H000031,102,,,,
H000031,103,,,,
H000031,104,,,,
H000031,105,,,,
H000031,106,,,,
H000031,107,,,,
H000031,108,,,,
H000031,109,,,,
H000031,110,,,,
H000031,111,,,,
H000031,112,,,,
H000031,113,,,,
H000031,114,,,,
H000031,115,,,,
H000031,116,,,,
H000031,117,,,,
H000031,118,,,,
H000031,119,,,,
H000031,120,,,,
H000031,121,,,,
H000031,122,,,,
H000031,123,,,,
H000031,124,,,,
H000031,125,,,,
H000031,126,,,,
H000031,127,,,,
H000031,128,,,,
H000031,129,,,,
H000031,130,,,,
H000031,131,,,,
H000031,132,,,,
H000031,133,,,,
H000031,134,,,,
H000031,135,,,,
H000031,136,,,,
H000031,137,,,,
H000031,138,,,,
H000031,139,,,,
H000031,140,,,,
H000031,141,,,,
H000031,142,,,,
H000031,143,,,,
H000031,144,,,,
H000031,145,,,,
H000031,146,,,,
H000031,147,,,,
H000031,148,,,,
H000031,149,,,,
H000031,150,,,,
H000031,151,,,,
H000031,152,,,,
H000031,153,,,,
H000031,154,,,,
H000031,155,,,,
H000031,156,,,,
H000031,157,,,,
H000031,158,,,,
H000031,159,,,,
H000031,160,,,,
H000031,161,,,,
H000031,162,,,,
H000031,163,,,,
H000031,164,,,,
H000031,165,,,,
H000031,166,,,,
H000031,167,,,,
H000031,168,,,,
H000031,169,,,,
H000031,170,,,,
H000031,171,,,,
H000031,172,,,,
H000031,173,,,,
H000031,174,,,,
H000031,175,,,,
H000031,176,,,,
H000031,177,,,,
H000031,178,,,,
H000031,179,,,,
H000032,0,,,,
H000032,1,,,,
H000032,2,,,,
H000032,3,,,,
H000032,4,,,,
H000032,5,,,,
H000032,6,,,,
H000032,7,,,,
H000032,8,,,,
H000032,9,,,,
H000032,10,,,,
H000032,11,,,,
H000032,12,,,,
H000032,13,,,,
H000032,14,,,,
H000032,15,,,,
H000032,16,,,,
H000032,17,,,,
H000032,18,,,,
H000032,19,,,,
H000032,20,,,,
H000032,21,,,,
H000032,22,,,,
H000032,23,,,,
H000032,24,,,,
H000032,25,,,,
H000032,26,,,,
H000032,27,,,,
H000032,28,,,,
H000032,29,,,,
H000032,30,,,,
H000032,31,,,,
H000032,32,,,,
H000032,33,,,,
H000032,34,,,,
H000032,35,,,,
H000032,36,,,,
H000032,37,,,,
H000032,38,,,,
H000032,39,,,,
H000032,40,,,,
H000032,41,,,,
H000032,42,,,,
H000032,43,,,,
H000032,44,,,,
H000032,45,,,,
H000032,46,,,,
H000032,47,,,,
H000032,48,,,,
H000032,49,,,,
H000032,50,,,,
H000032,51,,,,
H000032,52,,,,
H000032,53,,,,
H000032,54,,,,
H000032,55,,,,
H000032,56,,,,
H000032,57,,,,
H000032,58,,,,
H000032,59,,,,
H000032,60,,,,
H000032,61,,,,
H000032,62,,,,
H000032,63,,,,
H000032,64,,,,
H000032,65,,,,
H000032,66,,,,
H000032,67,,,,
H000032,68,,,,
H000032,69,,,,
H000032,70,,,,
H000032,71,,,,
H000032,72,,,,
H000032,73,,,,
H000032,74,,,,
H000032,75,,,,
H000032,76,,,,
H000032,77,,,,
H000032,78,,,,
H000032,79,,,,
H000032,80,,,,
H000032,81,,,,
H000032,82,,,,
H000032,83,,,,
H000032,84,,,,
H000032,85,,,,
H000032,86,,,,
H000032,87,,,,
H000032,88,,,,
H000032,89,,,,
H000032,90,,,,
H000032,91,,,,
H000032,92,,,,
H000032,93,,,,
H000032,94,,,,
H000032,95,,,,
H000032,96,,,,
H000032,97,,,,
H000032,98,,,,
H000032,99,,,,
H000032,100,,,,
H000032,101,,,,
H000032,102,,,,
H000032,103,,,,
H000032,104,,,,
H000032,105,,,,
H000032,106,,,,
H000032,107,,,,
H000032,108,,,,
H000032,109,,,,
H000032,110,,,,
H000032,111,,,,
H000032,112,,,,
H000032,113,,,,
H000032,114,,,,
H000032,115,,,,
H000032,116,,,,
H000032,117,,,,
H000032,118,,,,
H000032,119,,,,
H000032,120,,,,
H000032,121,,,,
H000032,122,,,,
H000032,123,,,,
H000032,124,,,,
H000032,125,,,,
H000032,126,,,,
H000032,127,,,,
H000032,128,,,,
H000032,129,,,,
H000032,130,,,,
H000032,131,,,,
H000032,132,,,,
H000032,133,,,,
H000032,134,,,,
H000032,135,,,,
H000032,136,,,,
H000032,137,,,,
H000032,138,,,,
H000032,139,,,,
H000032,140,,,,
H000032,141,,,,
H000032,142,,,,
H000032,143,,,,
H000032,144,,,,
H000032,145,,,,
H000032,146,,,,
H000032,147,,,,
H000032,148,,,,
H000032,149,,,,
H000032,150,,,,
H000032,151,,,,
H000032,152,,,,
H000032,153,,,,
H000032,154,,,,
H000032,155,,,,
H000032,156,,,,
H000032,157,,,,
H000032,158,,,,
H000032,159,,,,
H000032,160,,,,
H000032,161,,,,
H000032,162,,,,
H000032,163,,,,
H000032,164,,,,
H000032,165,,,,
H000032,166,,,,
H000032,167,,,,
H000032,168,,,,
H000032,169,,,,
H000032,170,,,,
H000032,171,,,,
H000032,172,,,,
H000032,173,,,,
H000032,174,,,,
H000032,175,,,,
H000032,176,,,,
H000032,177,,,,
H000032,178,,,,
H000032,179,,,,
H000033,0,,,,
H000033,1,,,,
H000033,2,,,,
H000033,3,,,,
H000033,4,,,,
H000033,5,,,,
H000033,6,,,,
H000033,7,,,,
H000033,8,,,,
H000033,9,,,,
H000033,10,,,,
H000033,11,,,,
H000033,12,,,,
H000033,13,,,,
H000033,14,,,,
H000033,15,,,,
H000033,16,,,,
H000033,17,,,,
H000033,18,,,,
H000033,19,,,,
H000033,20,,,,
H000033,21,,,,
H000033,22,,,,
H000033,23,,,,
H000033,24,,,,
H000033,25,,,,
H000033,26,,,,
H000033,27,,,,
H000033,28,,,,
H000033,29,,,,
H000033,30,,,,
H000033,31,,,,
H000033,32,,,,
H000033,33,,,,
H000033,34,,,,
H000033,35,,,,
H000033,36,,,,
H000033,37,,,,
H000033,38,,,,
H000033,39,,,,
H000033,40,,,,
H000033,41,,,,
H000033,42,,,,
H000033,43,,,,
H000033,44,,,,
H000033,45,,,,
H000033,46,,,,
H000033,47,,,,
H000033,48,,,,
H000033,49,,,,
H000033,50,,,,
H000033,51,,,,
H000033,52,,,,
H000033,53,,,,
H000033,54,,,,
H000033,55,,,,
H000033,56,,,,
H000033,57,,,,
H000033,58,,,,
H000033,59,,,,
H000033,60,,,,
H000033,61,,,,
H000033,62,,,,
H000033,63,,,,
H000033,64,,,,
H000033,65,,,,
H000033,66,,,,
H000033,67,,,,
H000033,68,,,,
H000033,69,,,,
H000033,70,,,,
H000033,71,,,,
H000033,72,,,,
H000033,73,,,,
H000033,74,,,,
H000033,75,,,,
H000033,76,,,,
H000033,77,,,,
H000033,78,,,,
H000033,79,,,,
H000033,80,,,,
H000033,81,,,,
H000033,82,,,,
H000033,83,,,,
H000033,84,,,,
H000033,85,,,,
H000033,86,,,,
H000033,87,,,,
H000033,88,,,,
H000033,89,,,,
H000033,90,,,,
H000033,91,,,,
H000033,92,,,,
H000033,93,,,,
H000033,94,,,,
H000033,95,,,,
H000033,96,,,,
H000033,97,,,,
H000033,98,,,,
H000033,99,,,,
H000033,100,,,,
H000033,101,,,,
H000033,102,,,,
H000033,103,,,,
H000033,104,,,,
H000033,105,,,,
H000033,106,,,,
H000033,107,,,,
H000033,108,,,,
H000033,109,,,,
H000033,110,,,,
H000033,111,,,,
H000033,112,,,,
H000033,113,,,,
H000033,114,,,,
H000033,115,,,,
H000033,116,,,,
H000033,117,,,,
H000033,118,,,,
H000033,119,,,,
H000033,120,,,,
H000033,121,,,,
H000033,122,,,,
H000033,123,,,,
H000033,124,,,,
H000033,125,,,,
H000033,126,,,,
H000033,127,,,,
H000033,128,,,,
H000033,129,,,,
H000033,130,,,,
H000033,131,,,,
H000033,132,,,,
H000033,133,,,,
H000033,134,,,,
H000033,135,,,,
H000033,136,,,,
H000033,137,,,,
H000033,138,,,,
H000033,139,,,,
H000033,140,,,,
H000033,141,,,,
H000033,142,,,,
H000033,143,,,,
H000033,144,,,,
H000033,145,,,,
H000033,146,,,,
H000033,147,,,,
H000033,148,,,,
H000033,149,,,,
H000033,150,,,,
H000033,151,,,,
H000033,152,,,,
H000033,153,,,,
H000033,154,,,,
H000033,155,,,,
H000033,156,,,,
H000033,157,,,,
H000033,158,,,,
H000033,159,,,,
H000033,160,,,,
H000033,161,,,,
H000033,162,,,,
H000033,163,,,,
H000033,164,,,,
H000033,165,,,,
H000033,166,,,,
H000033,167,,,,
H000033,168,,,,
H000033,169,,,,
H000033,170,,,,
H000033,171,,,,
H000033,172,,,,
H000033,173,,,,
H000033,174,,,,
H000033,175,,,,
H000033,176,,,,
H000033,177,,,,
H000033,178,,,,
H000033,179,,,,
H000034,0,,,,
H000034,1,,,,
H000034,2,,,,
H000034,3,,,,
H000034,4,,,,
H000034,5,,,,
H000034,6,,,,
H000034,7,,,,
H000034,8,,,,
H000034,9,,,,
H000034,10,,,,
H000034,11,,,,
H000034,12,,,,
H000034,13,,,,
H000034,14,,,,
H000034,15,,,,
H000034,16,,,,
H000034,17,,,,
H000034,18,,,,
H000034,19,,,,
H000034,20,,,,
H000034,21,,,,
H000034,22,,,,
H000034,23,,,,
H000034,24,,,,
H000034,25,,,,
H000034,26,,,,
H000034,27,,,,
H000034,28,,,,
H000034,29,,,,
H000034,30,,,,
H000034,31,,,,
H000034,32,,,,
H000034,33,,,,
H000034,34,,,,
H000034,35,,,,
H000034,36,,,,
H000034,37,,,,
H000034,38,,,,
H000034,39,,,,
H000034,40,,,,
H000034,41,,,,
H000034,42,,,,
H000034,43,,,,
H000034,44,,,,
H000034,45,,,,
H000034,46,,,,
H000034,47,,,,
H000034,48,,,,
H000034,49,,,,
H000034,50,,,,
H000034,51,,,,
H000034,52,,,,
H000034,53,,,,
H000034,54,,,,
H000034,55,,,,
H000034,56,,,,
H000034,57,,,,
H000034,58,,,,
H000034,59,,,,
H000034,60,,,,
H000034,61,,,,
H000034,62,,,,
H000034,63,,,,
H000034,64,,,,
H000034,65,,,,
H000034,66,,,,
H000034,67,,,,
H000034,68,,,,
H000034,69,,,,
H000034,70,,,,
H000034,71,,,,
H000034,72,,,,
H000034,73,,,,
H000034,74,,,,
H000034,75,,,,
H000034,76,,,,
H000034,77,,,,
H000034,78,,,,
H000034,79,,,,
H000034,80,,,,
H000034,81,,,,
H000034,82,,,,
H000034,83,,,,
H000034,84,,,,
H000034,85,,,,
H000034,86,,,,
H000034,87,,,,
H000034,88,,,,
H000034,89,,,,
H000034,90,,,,
H000034,91,,,,
H000034,92,,,,
H000034,93,,,,
H000034,94,,,,
H000034,95,,,,
H000034,96,,,,
H000034,97,,,,
H000034,98,,,,
H000034,99,,,,
H000034,100,,,,
H000034,101,,,,
H000034,102,,,,
H000034,103,,,,
H000034,104,,,,
H000034,105,,,,
H000034,106,,,,
H000034,107,,,,
H000034,108,,,,
H000034,109,,,,
H000034,110,,,,
H000034,111,,,,
H000034,112,,,,
H000034,113,,,,
H000034,114,,,,
H000034,115,,,,
H000034,116,,,,
H000034,117,,,,
H000034,118,,,,
H000034,119,,,,
H000034,120,,,,
H000034,121,,,,
H000034,122,,,,
H000034,123,,,,
H000034,124,,,,
H000034,125,,,,
H000034,126,,,,
H000034,127,,,,
H000034,128,,,,
H000034,129,,,,
H000034,130,,,,
H000034,131,,,,
H000034,132,,,,
H000034,133,,,,
H000034,134,,,,
H000034,135,,,,
H000034,136,,,,
H000034,137,,,,
H000034,138,,,,
H000034,139,,,,
H000034,140,,,,
H000034,141,,,,
H000034,142,,,,
H000034,143,,,,
H000034,144,,,,
H000034,145,,,,
H000034,146,,,,
H000034,147,,,,
H000034,148,,,,
H000034,149,,,,
H000034,150,,,,
H000034,151,,,,
H000034,152,,,,
H000034,153,,,,
H000034,154,,,,
H000034,155,,,,
H000034,156,,,,
H000034,157,,,,
H000034,158,,,,
H000034,159,,,,
H000034,160,,,,
H000034,161,,,,
H000034,162,,,,
H000034,163,,,,
H000034,164,,,,
H000034,165,,,,
H000034,166,,,,
H000034,167,,,,
H000034,168,,,,
H000034,169,,,,
H000034,170,,,,
H000034,171,,,,
H000034,172,,,,
H000034,173,,,,
H000034,174,,,,
H000034,175,,,,
H000034,176,,,,
H000034,177,,,,
H000034,178,,,,
H000034,179,,,,
H000035,0,,,,
H000035,1,,,,
H000035,2,,,,
H000035,3,,,,
H000035,4,,,,
H000035,5,,,,
H000035,6,,,,
H000035,7,,,,
H000035,8,,,,
H000035,9,,,,
H000035,10,,,,
H000035,11,,,,
H000035,12,,,,
H000035,13,,,,
H000035,14,,,,
H000035,15,,,,
H000035,16,,,,
H000035,17,,,,
H000035,18,,,,
H000035,19,,,,
H000035,20,,,,
H000035,21,,,,
H000035,22,,,,
H000035,23,,,,
H000035,24,,,,
H000035,25,,,,
H000035,26,,,,
H000035,27,,,,
H000035,28,,,,
H000035,29,,,,
H000035,30,,,,
H000035,31,,,,
H000035,32,,,,
H000035,33,,,,
H000035,34,,,,
H000035,35,,,,
H000035,36,,,,
H000035,37,,,,
H000035,38,,,,
H000035,39,,,,
H000035,40,,,,
H000035,41,,,,
H000035,42,,,,
H000035,43,,,,
H000035,44,,,,
H000035,45,,,,
H000035,46,,,,
H000035,47,,,,
H000035,48,,,,
H000035,49,,,,
H000035,50,,,,
H000035,51,,,,
H000035,52,,,,
H000035,53,,,,
H000035,54,,,,
H000035,55,,,,
H000035,56,,,,
H000035,57,,,,
H000035,58,,,,
H000035,59,,,,
H000035,60,,,,
H000035,61,,,,
H000035,62,,,,
H000035,63,,,,
H000035,64,,,,
H000035,65,,,,
H000035,66,,,,
H000035,67,,,,
H000035,68,,,,
H000035,69,,,,
H000035,70,,,,
H000035,71,,,,
H000035,72,,,,
H000035,73,,,,
H000035,74,,,,
H000035,75,,,,
H000035,76,,,,
H000035,77,,,,
H000035,78,,,,
H000035,79,,,,
H000035,80,,,,
H000035,81,,,,
H000035,82,,,,
H000035,83,,,,
H000035,84,,,,
H000035,85,,,,
H000035,86,,,,
H000035,87,,,,
H000035,88,,,,
H000035,89,,,,
H000035,90,,,,
H000035,91,,,,
H000035,92,,,,
H000035,93,,,,
H000035,94,,,,
H000035,95,,,,
H000035,96,,,,
H000035,97,,,,
H000035,98,,,,
H000035,99,,,,
H000035,100,,,,
H000035,101,,,,
H000035,102,,,,
H000035,103,,,,
H000035,104,,,,
H000035,105,,,,
H000035,106,,,,
H000035,107,,,,
H000035,108,,,,
H000035,109,,,,
H000035,110,,,,
H000035,111,,,,
H000035,112,,,,
H000035,113,,,,
H000035,114,,,,
H000035,115,,,,
H000035,116,,,,
H000035,117,,,,
H000035,118,,,,
H000035,119,,,,
H000035,120,,,,
H000035,121,,,,
H000035,122,,,,
H000035,123,,,,
H000035,124,,,,
H000035,125,,,,
H000035,126,,,,
H000035,127,,,,
H000035,128,,,,
H000035,129,,,,
H000035,130,,,,
H000035,131,,,,
H000035,132,,,,
H000035,133,,,,
H000035,134,,,,
H000035,135,,,,
H000035,136,,,,
H000035,137,,,,
H000035,138,,,,
H000035,139,,,,
H000035,140,,,,
H000035,141,,,,
H000035,142,,,,
H000035,143,,,,
H000035,144,,,,
H000035,145,,,,
H000035,146,,,,
H000035,147,,,,
H000035,148,,,,
H000035,149,,,,
H000035,150,,,,
H000035,151,,,,
H000035,152,,,,
H000035,153,,,,
H000035,154,,,,
H000035,155,,,,
H000035,156,,,,
H000035,157,,,,
H000035,158,,,,
H000035,159,,,,
H000035,160,,,,
H000035,161,,,,
H000035,162,,,,
H000035,163,,,,
H000035,164,,,,
H000035,165,,,,
H000035,166,,,,
H000035,167,,,,
H000035,168,,,,
H000035,169,,,,
H000035,170,,,,
H000035,171,,,,
H000035,172,,,,
H000035,173,,,,
H000035,174,,,,
H000035,175,,,,
H000035,176,,,,
H000035,177,,,,
H000035,178,,,,
H000035,179,,,,
