helipad_id,source_fid,reason,candidate_host_ids
H000000,0,no_spatial_host,
H000001,1,no_spatial_host,
H000002,2,no_spatial_host,
H000003,3,no_spatial_host,
H000004,4,no_spatial_host,
H000005,5,no_spatial_host,
H000006,6,no_spatial_host,
H000007,7,no_spatial_host,
H000008,8,no_spatial_host,
H000009,9,no_spatial_host,
H000010,10,no_spatial_host,
H000011,11,no_spatial_host,
H000012,12,no_spatial_host,
H000013,13,no_spatial_host,
H000014,14,no_spatial_host,
H000015,15,no_spatial_host,
H000016,16,no_spatial_host,
H000017,17,no_spatial_host,
H000018,18,no_spatial_host,
H000019,19,no_spatial_host,
H000020,20,no_spatial_host,
H000021,21,no_spatial_host,
H000022,22,no_spatial_host,
H000023,23,no_spatial_host,
H000024,24,no_spatial_host,
H000025,25,no_spatial_host,
H000026,26,no_spatial_host,
H000027,27,no_spatial_host,
H000028,28,no_spatial_host,
H000029,29,no_spatial_host,
H000030,30,no_spatial_host,
H000031,31,no_spatial_host,
H000032,32,no_spatial_host,
H000033,33,no_spatial_host,
H000034,34,no_spatial_host,
H000035,35,no_spatial_host,
