id,source_index,longitude,latitude,agl_m,agl_source,ground_z_m,apex_z_m,host_index,host_distance_m,host_a16_m,host_a17_m,ols_slope_deg,polygon_count,collision_count,collision,output_path
1,0,127.09935251986931,37.51214291585764,128.65,A16,14.280631065368652,142.93063106536866,475,0.20452236421440081,47.0,38.1,8.0,312,48,"[59,106]",C:\Users\choih\Desktop\연구\Landing_Depature_Process\자료\결과물\Polygon\8\1\Polygon_1.shp
2,1,127.10302218968447,37.51521910034199,108.2,A16,13.840710639953613,122.04071063995362,20651,6.087350915753578,0.0,0.0,8.0,246,114,"[163,276]",C:\Users\choih\Desktop\연구\Landing_Depature_Process\자료\결과물\Polygon\8\2\Polygon_2.shp
3,2,127.10419606087744,37.516569314893616,54.0,peer_A16,14.442178726196289,68.44217872619629,27086,0.10037514261157503,0.0,0.0,8.0,55,305,"[0,41] & [56,134] & [176,359]",C:\Users\choih\Desktop\연구\Landing_Depature_Process\자료\결과물\Polygon\8\3\Polygon_3.shp
4,3,127.09445666136708,37.51150805396276,149.4,A16,14.420299530029297,163.8202995300293,13955,9.85260230037717,0.0,0.0,8.0,322,38,"[63,100]",C:\Users\choih\Desktop\연구\Landing_Depature_Process\자료\결과물\Polygon\8\4\Polygon_4.shp
5,4,127.10064864035245,37.51442944465346,148.35,A16,13.341456413269043,161.69145641326904,23871,0.3179069697145316,0.0,0.0,8.0,311,49,"[116,164]",C:\Users\choih\Desktop\연구\Landing_Depature_Process\자료\결과물\Polygon\8\5\Polygon_5.shp
6,5,127.10544576100472,37.51675580505882,96.65,A16,14.604248046875,111.254248046875,24949,3.410857944399647,25.5,44.9,8.0,229,131,"[187,228] & [262,350]",C:\Users\choih\Desktop\연구\Landing_Depature_Process\자료\결과물\Polygon\8\6\Polygon_6.shp
7,6,127.10753928700024,37.52594939660373,80.2,A16,16.056415557861328,96.25641555786133,12859,0.03857271411541236,0.0,0.0,8.0,360,0,,C:\Users\choih\Desktop\연구\Landing_Depature_Process\자료\결과물\Polygon\8\7\Polygon_7.shp
8,7,127.10322133919703,37.51492133597622,79.2,A16,13.840710639953613,93.04071063995362,8332,18.45990402882982,61.1,39.81,8.0,124,236,"[0,41] & [166,359]",C:\Users\choih\Desktop\연구\Landing_Depature_Process\자료\결과물\Polygon\8\8\Polygon_8.shp
9,8,127.10007416425651,37.51145258122223,34.0,A16,13.771535873413086,47.771535873413086,18545,0.15818660356588032,0.0,0.0,8.0,107,253,"[0,87] & [195,359]",C:\Users\choih\Desktop\연구\Landing_Depature_Process\자료\결과물\Polygon\8\9\Polygon_9.shp
10,9,127.09423162862225,37.51070675540507,149.0,peer_A16,14.582141876220703,163.5821418762207,13953,1.1108607081327417,0.0,0.0,8.0,321,39,"[56,94]",C:\Users\choih\Desktop\연구\Landing_Depature_Process\자료\결과물\Polygon\8\10\Polygon_10.shp
11,10,127.0935284990316,37.511426277783464,149.0,peer_A16,14.43921947479248,163.43921947479248,17211,6.212891480099575,0.0,0.0,8.0,322,38,"[63,100]",C:\Users\choih\Desktop\연구\Landing_Depature_Process\자료\결과물\Polygon\8\11\Polygon_11.shp
12,11,127.10439758544874,37.51754128147271,128.0,peer_A16,14.50994873046875,142.50994873046875,383,0.041167758030892315,128.1,34.25,8.0,320,40,"[176,215]",C:\Users\choih\Desktop\연구\Landing_Depature_Process\자료\결과물\Polygon\8\12\Polygon_12.shp
13,12,127.10236469774085,37.51676127438654,127.0,peer_A16,14.536151885986328,141.53615188598633,377,8.774464692511204,58.9,59.62,8.0,318,42,"[157,198]",C:\Users\choih\Desktop\연구\Landing_Depature_Process\자료\결과물\Polygon\8\13\Polygon_13.shp
14,13,127.10742951458097,37.51463020847781,91.97,A16,14.176262855529785,106.14626285552978,19221,12.693931333594447,63.18,59.16,8.0,318,42,"[220,261]",C:\Users\choih\Desktop\연구\Landing_Depature_Process\자료\결과물\Polygon\8\14\Polygon_14.shp
15,14,127.10834274251046,37.5267488119202,57.4,A16,16.073532104492188,73.4735321044922,13174,0.08383126915048211,0.0,0.0,8.0,143,217,"[0,94] & [164,273] & [348,359]",C:\Users\choih\Desktop\연구\Landing_Depature_Process\자료\결과물\Polygon\8\15\Polygon_15.shp
16,15,127.1004844793352,37.516270080084695,129.65,A16,14.663433074951172,144.31343307495118,11822,25.818293213256883,0.0,0.0,8.0,318,42,"[135,176]",C:\Users\choih\Desktop\연구\Landing_Depature_Process\자료\결과물\Polygon\8\16\Polygon_16.shp
17,16,127.10920017781626,37.52749386400691,72.08,A16,15.874375343322754,87.95437534332275,12878,0.11062971599595282,0.0,0.0,8.0,360,0,,C:\Users\choih\Desktop\연구\Landing_Depature_Process\자료\결과물\Polygon\8\17\Polygon_17.shp
18,17,127.10253914053057,37.51457745058152,116.15,A16,14.31069278717041,130.46069278717042,1008,26.130753916575927,106.54999999999998,54.61,8.0,243,117,"[152,204] & [231,294]",C:\Users\choih\Desktop\연구\Landing_Depature_Process\자료\결과물\Polygon\8\18\Polygon_18.shp
19,18,127.09935251986931,37.51214291585764,128.65,A16,14.280631065368652,142.93063106536866,475,0.20452236421440081,47.0,38.1,8.0,312,48,"[59,106]",C:\Users\choih\Desktop\연구\Landing_Depature_Process\자료\결과물\Polygon\8\19\Polygon_19.shp
20,19,127.10302218968447,37.51521910034199,108.2,A16,13.840710639953613,122.04071063995362,20651,6.087350915753578,0.0,0.0,8.0,246,114,"[163,276]",C:\Users\choih\Desktop\연구\Landing_Depature_Process\자료\결과물\Polygon\8\20\Polygon_20.shp
21,20,127.10419606087744,37.516569314893616,54.0,A16,14.442178726196289,68.44217872619629,27086,0.10037514261157503,0.0,0.0,8.0,55,305,"[0,41] & [56,134] & [176,359]",C:\Users\choih\Desktop\연구\Landing_Depature_Process\자료\결과물\Polygon\8\21\Polygon_21.shp
22,21,127.09445666136708,37.51150805396276,149.4,A16,14.420299530029297,163.8202995300293,13955,9.85260230037717,0.0,0.0,8.0,322,38,"[63,100]",C:\Users\choih\Desktop\연구\Landing_Depature_Process\자료\결과물\Polygon\8\22\Polygon_22.shp
23,22,127.10064864035245,37.51442944465346,148.35,A16,13.341456413269043,161.69145641326904,23871,0.3179069697145316,0.0,0.0,8.0,311,49,"[116,164]",C:\Users\choih\Desktop\연구\Landing_Depature_Process\자료\결과물\Polygon\8\23\Polygon_23.shp
24,23,127.10544576100472,37.51675580505882,96.65,A16,14.604248046875,111.254248046875,24949,3.410857944399647,25.5,44.9,8.0,229,131,"[187,228] & [262,350]",C:\Users\choih\Desktop\연구\Landing_Depature_Process\자료\결과물\Polygon\8\24\Polygon_24.shp
25,24,127.10753928700024,37.52594939660373,80.2,A16,16.056415557861328,96.25641555786133,12859,0.03857271411541236,0.0,0.0,8.0,360,0,,C:\Users\choih\Desktop\연구\Landing_Depature_Process\자료\결과물\Polygon\8\25\Polygon_25.shp
26,25,127.10322133919703,37.51492133597622,79.2,A16,13.840710639953613,93.04071063995362,8332,18.45990402882982,61.1,39.81,8.0,124,236,"[0,41] & [166,359]",C:\Users\choih\Desktop\연구\Landing_Depature_Process\자료\결과물\Polygon\8\26\Polygon_26.shp
27,26,127.10007416425651,37.51145258122223,34.0,A16,13.771535873413086,47.771535873413086,18545,0.15818660356588032,0.0,0.0,8.0,107,253,"[0,87] & [195,359]",C:\Users\choih\Desktop\연구\Landing_Depature_Process\자료\결과물\Polygon\8\27\Polygon_27.shp
28,27,127.09423162862225,37.51070675540507,149.0,A16,14.582141876220703,163.5821418762207,13953,1.1108607081327417,0.0,0.0,8.0,321,39,"[56,94]",C:\Users\choih\Desktop\연구\Landing_Depature_Process\자료\결과물\Polygon\8\28\Polygon_28.shp
29,28,127.0935284990316,37.511426277783464,149.0,A16,14.43921947479248,163.43921947479248,17211,6.212891480099575,0.0,0.0,8.0,322,38,"[63,100]",C:\Users\choih\Desktop\연구\Landing_Depature_Process\자료\결과물\Polygon\8\29\Polygon_29.shp
30,29,127.10439758544874,37.51754128147271,128.0,A16,14.50994873046875,142.50994873046875,383,0.041167758030892315,128.1,34.25,8.0,320,40,"[176,215]",C:\Users\choih\Desktop\연구\Landing_Depature_Process\자료\결과물\Polygon\8\30\Polygon_30.shp
31,30,127.10236469774085,37.51676127438654,127.0,A16,14.536151885986328,141.53615188598633,377,8.774464692511204,58.9,59.62,8.0,318,42,"[157,198]",C:\Users\choih\Desktop\연구\Landing_Depature_Process\자료\결과물\Polygon\8\31\Polygon_31.shp
32,31,127.10742951458097,37.51463020847781,91.97,A16,14.176262855529785,106.14626285552978,19221,12.693931333594447,63.18,59.16,8.0,318,42,"[220,261]",C:\Users\choih\Desktop\연구\Landing_Depature_Process\자료\결과물\Polygon\8\32\Polygon_32.shp
33,32,127.10834274251046,37.5267488119202,57.4,A16,16.073532104492188,73.4735321044922,13174,0.08383126915048211,0.0,0.0,8.0,143,217,"[0,94] & [164,273] & [348,359]",C:\Users\choih\Desktop\연구\Landing_Depature_Process\자료\결과물\Polygon\8\33\Polygon_33.shp
34,33,127.1004844793352,37.516270080084695,129.65,A16,14.663433074951172,144.31343307495118,11822,25.818293213256883,0.0,0.0,8.0,318,42,"[135,176]",C:\Users\choih\Desktop\연구\Landing_Depature_Process\자료\결과물\Polygon\8\34\Polygon_34.shp
35,34,127.10920017781626,37.52749386400691,72.08,A16,15.874375343322754,87.95437534332275,12878,0.11062971599595282,0.0,0.0,8.0,360,0,,C:\Users\choih\Desktop\연구\Landing_Depature_Process\자료\결과물\Polygon\8\35\Polygon_35.shp
36,35,127.10253914053057,37.51457745058152,116.15,A16,14.31069278717041,130.46069278717042,1008,26.130753916575927,106.54999999999998,54.61,8.0,243,117,"[152,204] & [231,294]",C:\Users\choih\Desktop\연구\Landing_Depature_Process\자료\결과물\Polygon\8\36\Polygon_36.shp
