name,중복된_개수,중복된_id
중복_1,16,"[2,5,7,8,12,13,15,17,20,23,25,26,30,31,33,35]"
중복_2,14,"[2,5,7,8,12,13,15,20,23,25,26,30,31,33]"
중복_3,14,"[2,5,7,8,12,13,17,20,23,25,26,30,31,35]"
중복_4,12,"[2,5,7,8,12,13,20,23,25,26,30,31]"
중복_5,12,"[2,5,7,12,13,17,20,23,25,30,31,35]"
중복_6,10,"[2,5,7,12,13,20,23,25,30,31]"
중복_7,8,"[2,5,7,13,20,23,25,31]"
중복_8,10,"[2,5,8,12,13,20,23,26,30,31]"
중복_9,10,"[2,5,8,12,13,20,23,26,30,31]"
중복_10,10,"[2,5,8,12,13,20,23,26,30,31]"
중복_11,10,"[2,5,8,12,13,20,23,26,30,31]"
중복_12,10,"[2,5,8,12,13,20,23,26,30,31]"
중복_13,10,"[2,5,8,12,13,20,23,26,30,31]"
중복_14,8,"[2,5,8,12,20,23,26,30]"
중복_15,8,"[2,5,8,12,20,23,26,30]"
중복_16,8,"[2,5,8,12,20,23,26,30]"
중복_17,8,"[2,5,8,12,20,23,26,30]"
중복_18,8,"[2,5,8,12,20,23,26,30]"
중복_19,8,"[2,5,8,13,20,23,26,31]"
중복_20,8,"[2,5,8,13,20,23,26,31]"
중복_21,8,"[2,5,8,13,20,23,26,31]"
중복_22,8,"[2,5,8,13,20,23,26,31]"
중복_23,6,"[2,5,8,20,23,26]"
중복_24,6,"[2,5,8,20,23,26]"
중복_25,6,"[2,5,8,20,23,26]"
중복_26,8,"[2,5,12,13,20,23,30,31]"
중복_27,8,"[2,5,12,13,20,23,30,31]"
중복_28,8,"[2,5,12,13,20,23,30,31]"
중복_29,8,"[2,5,12,13,20,23,30,31]"
중복_30,8,"[2,5,12,13,20,23,30,31]"
중복_31,6,"[2,5,12,20,23,30]"
중복_32,6,"[2,5,12,20,23,30]"
중복_33,6,"[2,5,12,20,23,30]"
중복_34,6,"[2,5,13,20,23,31]"
중복_35,6,"[2,5,13,20,23,31]"
중복_36,6,"[2,5,13,20,23,31]"
중복_37,6,"[2,5,13,20,23,31]"
중복_38,6,"[2,5,13,20,23,31]"
중복_39,6,"[2,5,13,20,23,31]"
중복_40,4,"[2,5,20,23]"
중복_41,4,"[2,5,20,23]"
중복_42,4,"[2,5,20,23]"
중복_43,14,"[2,7,8,12,13,15,17,20,25,26,30,31,33,35]"
중복_44,14,"[2,7,8,12,13,15,17,20,25,26,30,31,33,35]"
중복_45,12,"[2,7,8,12,13,15,20,25,26,30,31,33]"
중복_46,12,"[2,7,8,12,13,17,20,25,26,30,31,35]"
중복_47,10,"[2,7,8,12,13,20,25,26,30,31]"
중복_48,12,"[2,7,8,12,15,17,20,25,26,30,33,35]"
중복_49,12,"[2,7,8,12,15,17,20,25,26,30,33,35]"
중복_50,12,"[2,7,8,12,15,17,20,25,26,30,33,35]"
중복_51,12,"[2,7,8,12,15,17,20,25,26,30,33,35]"
중복_52,10,"[2,7,8,12,15,20,25,26,30,33]"
중복_53,10,"[2,7,8,12,15,20,25,26,30,33]"
중복_54,10,"[2,7,8,12,15,20,25,26,30,33]"
중복_55,8,"[2,7,8,12,20,25,26,30]"
중복_56,8,"[2,7,8,12,20,25,26,30]"
중복_57,12,"[2,7,12,13,15,17,20,25,30,31,33,35]"
중복_58,12,"[2,7,12,13,15,17,20,25,30,31,33,35]"
중복_59,12,"[2,7,12,13,15,17,20,25,30,31,33,35]"
중복_60,12,"[2,7,12,13,15,17,20,25,30,31,33,35]"
중복_61,12,"[2,7,12,13,15,17,20,25,30,31,33,35]"
중복_62,12,"[2,7,12,13,15,17,20,25,30,31,33,35]"
중복_63,12,"[2,7,12,13,15,17,20,25,30,31,33,35]"
중복_64,12,"[2,7,12,13,15,17,20,25,30,31,33,35]"
중복_65,12,"[2,7,12,13,15,17,20,25,30,31,33,35]"
중복_66,12,"[2,7,12,13,15,17,20,25,30,31,33,35]"
중복_67,10,"[2,7,12,13,17,20,25,30,31,35]"
중복_68,8,"[2,7,12,13,20,25,30,31]"
중복_69,8,"[2,7,12,13,20,25,30,31]"
중복_70,8,"[2,7,12,13,20,25,30,31]"
중복_71,8,"[2,7,12,13,20,25,30,31]"
중복_72,8,"[2,7,12,13,20,25,30,31]"
중복_73,8,"[2,7,12,15,20,25,30,33]"
중복_74,8,"[2,7,12,15,20,25,30,33]"
중복_75,6,"[2,7,12,20,25,30]"
중복_76,6,"[2,7,12,20,25,30]"
중복_77,8,"[2,8,12,13,20,26,30,31]"
중복_78,8,"[2,8,12,13,20,26,30,31]"
중복_79,8,"[2,8,12,13,20,26,30,31]"
중복_80,8,"[2,8,12,13,20,26,30,31]"
중복_81,8,"[2,8,12,13,20,26,30,31]"
중복_82,6,"[2,8,12,20,26,30]"
중복_83,6,"[2,8,12,20,26,30]"
중복_84,6,"[2,8,12,20,26,30]"
중복_85,6,"[2,8,12,20,26,30]"
중복_86,6,"[2,8,12,20,26,30]"
중복_87,6,"[2,8,13,20,26,31]"
중복_88,6,"[2,8,13,20,26,31]"
중복_89,6,"[2,8,13,20,26,31]"
중복_90,4,"[2,8,20,26]"
중복_91,4,"[2,8,20,26]"
중복_92,4,"[2,8,20,26]"
중복_93,4,"[2,8,20,26]"
중복_94,4,"[2,8,20,26]"
중복_95,6,"[2,12,13,20,30,31]"
중복_96,6,"[2,12,13,20,30,31]"
중복_97,4,"[2,12,20,30]"
중복_98,4,"[2,12,20,30]"
중복_99,4,"[2,13,20,31]"
중복_100,2,"[2,20]"
중복_101,8,"[5,7,12,13,23,25,30,31]"
중복_102,8,"[5,7,12,13,23,25,30,31]"
중복_103,8,"[5,7,12,13,23,25,30,31]"
중복_104,8,"[5,7,12,13,23,25,30,31]"
중복_105,8,"[5,7,12,13,23,25,30,31]"
중복_106,8,"[5,8,12,13,23,26,30,31]"
중복_107,8,"[5,8,12,13,23,26,30,31]"
중복_108,8,"[5,8,12,13,23,26,30,31]"
중복_109,6,"[5,8,12,23,26,30]"
중복_110,6,"[5,8,12,23,26,30]"
중복_111,6,"[5,8,13,23,26,31]"
중복_112,6,"[5,8,13,23,26,31]"
중복_113,4,"[5,8,23,26]"
중복_114,4,"[5,8,23,26]"
중복_115,4,"[5,8,23,26]"
중복_116,4,"[5,8,23,26]"
중복_117,4,"[5,8,23,26]"
중복_118,4,"[5,8,23,26]"
중복_119,4,"[5,8,23,26]"
중복_120,6,"[5,12,13,23,30,31]"
중복_121,6,"[5,12,13,23,30,31]"
중복_122,6,"[5,12,13,23,30,31]"
중복_123,6,"[5,12,13,23,30,31]"
중복_124,6,"[5,12,13,23,30,31]"
중복_125,6,"[5,12,13,23,30,31]"
중복_126,4,"[5,12,23,30]"
중복_127,4,"[5,12,23,30]"
중복_128,4,"[5,12,23,30]"
중복_129,4,"[5,13,23,31]"
중복_130,4,"[5,13,23,31]"
중복_131,4,"[5,13,23,31]"
중복_132,4,"[5,13,23,31]"
중복_133,2,"[5,23]"
중복_134,2,"[5,23]"
중복_135,2,"[5,23]"
중복_136,2,"[5,23]"
중복_137,2,"[5,23]"
중복_138,2,"[5,23]"
중복_139,2,"[5,23]"
중복_140,2,"[5,23]"
중복_141,12,"[7,8,12,13,15,17,25,26,30,31,33,35]"
중복_142,12,"[7,8,12,13,15,17,25,26,30,31,33,35]"
중복_143,12,"[7,8,12,13,15,17,25,26,30,31,33,35]"
중복_144,12,"[7,8,12,13,15,17,25,26,30,31,33,35]"
중복_145,12,"[7,8,12,13,15,17,25,26,30,31,33,35]"
중복_146,12,"[7,8,12,13,15,17,25,26,30,31,33,35]"
중복_147,12,"[7,8,12,13,15,17,25,26,30,31,33,35]"
중복_148,12,"[7,8,12,13,15,17,25,26,30,31,33,35]"
중복_149,12,"[7,8,12,13,15,17,25,26,30,31,33,35]"
중복_150,12,"[7,8,12,13,15,17,25,26,30,31,33,35]"
중복_151,12,"[7,8,12,13,15,17,25,26,30,31,33,35]"
중복_152,12,"[7,8,12,13,15,17,25,26,30,31,33,35]"
중복_153,12,"[7,8,12,13,15,17,25,26,30,31,33,35]"
중복_154,10,"[7,8,12,13,15,25,26,30,31,33]"
중복_155,10,"[7,8,12,13,15,25,26,30,31,33]"
중복_156,10,"[7,8,12,15,17,25,26,30,33,35]"
중복_157,10,"[7,8,12,15,17,25,26,30,33,35]"
중복_158,10,"[7,8,12,15,17,25,26,30,33,35]"
중복_159,10,"[7,8,12,15,17,25,26,30,33,35]"
중복_160,8,"[7,8,12,15,25,26,30,33]"
중복_161,8,"[7,8,12,15,25,26,30,33]"
중복_162,8,"[7,8,12,15,25,26,30,33]"
중복_163,8,"[7,8,12,15,25,26,30,33]"
중복_164,8,"[7,8,12,15,25,26,30,33]"
중복_165,6,"[7,8,12,25,26,30]"
중복_166,6,"[7,8,12,25,26,30]"
중복_167,6,"[7,8,12,25,26,30]"
중복_168,10,"[7,12,13,15,17,25,30,31,33,35]"
중복_169,10,"[7,12,13,15,17,25,30,31,33,35]"
중복_170,10,"[7,12,13,15,17,25,30,31,33,35]"
중복_171,10,"[7,12,13,15,17,25,30,31,33,35]"
중복_172,10,"[7,12,13,15,17,25,30,31,33,35]"
중복_173,8,"[7,12,13,15,25,30,31,33]"
중복_174,8,"[7,12,13,17,25,30,31,35]"
중복_175,6,"[7,12,13,25,30,31]"
중복_176,8,"[7,12,15,17,25,30,33,35]"
중복_177,8,"[7,12,15,17,25,30,33,35]"
중복_178,8,"[7,12,15,17,25,30,33,35]"
중복_179,8,"[7,12,15,17,25,30,33,35]"
중복_180,8,"[7,12,15,17,25,30,33,35]"
중복_181,6,"[7,12,15,25,30,33]"
중복_182,6,"[7,12,17,25,30,35]"
중복_183,6,"[7,12,17,25,30,35]"
중복_184,4,"[7,12,25,30]"
중복_185,4,"[7,12,25,30]"
중복_186,8,"[7,13,15,17,25,31,33,35]"
중복_187,8,"[7,13,15,17,25,31,33,35]"
중복_188,8,"[7,13,15,17,25,31,33,35]"
중복_189,8,"[7,13,15,17,25,31,33,35]"
중복_190,6,"[7,13,15,25,31,33]"
중복_191,6,"[7,13,15,25,31,33]"
중복_192,4,"[7,13,25,31]"
중복_193,6,"[7,15,17,25,33,35]"
중복_194,6,"[7,15,17,25,33,35]"
중복_195,6,"[7,15,17,25,33,35]"
중복_196,4,"[7,15,25,33]"
중복_197,4,"[7,15,25,33]"
중복_198,4,"[7,15,25,33]"
중복_199,4,"[7,15,25,33]"
중복_200,4,"[7,15,25,33]"
중복_201,4,"[7,15,25,33]"
중복_202,4,"[7,15,25,33]"
중복_203,4,"[7,15,25,33]"
중복_204,4,"[7,15,25,33]"
중복_205,4,"[7,17,25,35]"
중복_206,4,"[7,17,25,35]"
중복_207,4,"[7,17,25,35]"
중복_208,4,"[7,17,25,35]"
중복_209,2,"[7,25]"
중복_210,2,"[7,25]"
중복_211,2,"[7,25]"
중복_212,2,"[7,25]"
중복_213,2,"[7,25]"
중복_214,2,"[7,25]"
중복_215,2,"[7,25]"
중복_216,2,"[7,25]"
중복_217,2,"[7,25]"
중복_218,2,"[7,25]"
중복_219,2,"[7,25]"
중복_220,2,"[7,25]"
중복_221,2,"[7,25]"
중복_222,2,"[7,25]"
중복_223,2,"[7,25]"
중복_224,6,"[8,12,13,26,30,31]"
중복_225,4,"[8,12,26,30]"
중복_226,4,"[8,12,26,30]"
중복_227,4,"[8,12,26,30]"
중복_228,4,"[8,12,26,30]"
중복_229,4,"[8,12,26,30]"
중복_230,2,"[8,26]"
중복_231,2,"[8,26]"
중복_232,2,"[8,26]"
중복_233,2,"[8,26]"
중복_234,2,"[8,26]"
중복_235,4,"[12,13,30,31]"
중복_236,4,"[12,13,30,31]"
중복_237,4,"[12,13,30,31]"
중복_238,4,"[12,13,30,31]"
중복_239,2,"[12,30]"
중복_240,2,"[12,30]"
중복_241,2,"[12,30]"
중복_242,2,"[12,30]"
중복_243,2,"[13,31]"
중복_244,2,"[13,31]"
중복_245,2,"[13,31]"
중복_246,2,"[13,31]"
중복_247,2,"[13,31]"
중복_248,4,"[15,17,33,35]"
중복_249,4,"[15,17,33,35]"
중복_250,4,"[15,17,33,35]"
중복_251,4,"[15,17,33,35]"
중복_252,4,"[15,17,33,35]"
중복_253,4,"[15,17,33,35]"
중복_254,4,"[15,17,33,35]"
중복_255,4,"[15,17,33,35]"
중복_256,4,"[15,17,33,35]"
중복_257,2,"[15,33]"
중복_258,2,"[15,33]"
중복_259,2,"[15,33]"
중복_260,2,"[15,33]"
중복_261,2,"[15,33]"
중복_262,2,"[15,33]"
중복_263,2,"[15,33]"
중복_264,2,"[15,33]"
중복_265,2,"[15,33]"
중복_266,2,"[15,33]"
중복_267,2,"[15,33]"
중복_268,2,"[15,33]"
중복_269,2,"[15,33]"
중복_270,2,"[15,33]"
중복_271,2,"[15,33]"
중복_272,2,"[15,33]"
중복_273,2,"[15,33]"
중복_274,2,"[15,33]"
중복_275,2,"[15,33]"
중복_276,2,"[15,33]"
중복_277,2,"[15,33]"
중복_278,2,"[15,33]"
중복_279,2,"[15,33]"
중복_280,2,"[15,33]"
중복_281,2,"[15,33]"
중복_282,2,"[15,33]"
중복_283,2,"[17,35]"
중복_284,2,"[17,35]"
중복_285,2,"[17,35]"
중복_286,2,"[17,35]"
중복_287,2,"[17,35]"
중복_288,2,"[17,35]"
중복_289,2,"[17,35]"
중복_290,2,"[17,35]"
중복_291,2,"[17,35]"
중복_292,2,"[17,35]"
중복_293,2,"[17,35]"
중복_294,2,"[17,35]"
